sheet_id,indicatorName,category,subcategory,dataprovider,dataprovider_link
phAwcNAVuyj0TAlJeCEzcGQ,Children per woman (total fertility),,,Various sources,http://www.gapminder.org/data/documentation/gd008/
phAwcNAVuyj1gkNuUEXOGag,CO2 emissions (tonnes per person),,,CDIAC (Carbon Dioxide Information Analysis Center),http://cdiac.ornl.gov/trends/emis/meth_reg.html
phAwcNAVuyj1jiMAkmq1iMg,"Income per person (GDP/capita, PPP$ inflation-adjusted)",,,Various sources,http://spreadsheets.google.com/pub?key=phAwcNAVuyj1jiMAkmq1iMg&gid=1
0ArfEDsV3bBwCcGhBd2NOQVZ1eWowNVpSNjl1c3lRSWc,"Child mortality (0-5 year-olds dying per 1,000 born)",,,Various sources,http://spreadsheets.google.com/pub?key=0ArfEDsV3bBwCcGhBd2NOQVZ1eWowNVpSNjl1c3lRSWc&gid=1
phAwcNAVuyj2tPLxKvvnNPA,Life expectancy (years),,,Various sources,http://spreadsheets.google.com/pub?key=phAwcNAVuyj2tPLxKvvnNPA&gid=1
tFOn62dEO9QCyIKK6kgSYRQ,Aid given (2007 US$),Economy,Aid given,OECD QWIDS,http://www.oecd.org/dac/stats/qwids
tGTst0WEm8V8zI9LOYvGmTg,Aid given per person (2007 US$),Economy,Aid given,OECD QWIDS,http://www.oecd.org/dac/stats/qwids
tQR7RhlZdPjBkVCDPPF4zUg,Aid given (% of GNI),Economy,Aid given,OECD QWIDS,http://www.oecd.org/dac/stats/qwids
tXn3DSfvsYujaBP9bvH6acg,Water and sanitation aid given (% of aid),Economy,Aid given,OECD QWIDS,http://www.oecd.org/dac/stats/qwids
tMxqFNS7BC5QyLrhBO8DXqQ,Economical infrastructure aid given (% of aid),Economy,Aid given,OECD QWIDS,http://www.oecd.org/dac/stats/qwids
tMjW0fdVf9VJaxVk_VFSUhg,Production sector aid given (% of aid),Economy,Aid given,OECD QWIDS,http://www.oecd.org/dac/stats/qwids
tBJ1rYQ-nA6fqI6_Gn3mBNg,Multisector cross-cutting aid given (% of aid),Economy,Aid given,OECD QWIDS,http://www.oecd.org/dac/stats/qwids
tQQaILpdu-vGtSkJLr2VQCw,Education aid given (% of aid),Economy,Aid given,OECD QWIDS,http://www.oecd.org/dac/stats/qwids
tRybjVoG5Ah9yhKcEx16u5Q,Health aid given (% of aid),Economy,Aid given,OECD QWIDS,http://www.oecd.org/dac/stats/qwids
tjFf_YqwB6tgSG9L0r0Ywdg,Population policies aid given (% of aid),Economy,Aid given,OECD QWIDS,http://www.oecd.org/dac/stats/qwids
t3IAEOsfHK-z6rvGLCDR74g,Government and society aid given (% of aid),Economy,Aid given,OECD QWIDS,http://www.oecd.org/dac/stats/qwids
tqjUijP4mi_dHKkCZjOn0oA,Other social services aid given (% of aid),Economy,Aid given,OECD QWIDS,http://www.oecd.org/dac/stats/qwids
0AkBd6lyS3EmpdHVuNVpKdnNCa08yV3NOd0Zsal9JaWc,"Aid received, total (US$, inflation-adjusted)",Economy,Aid received,World Bank,http://data.worldbank.org/indicator/DT.ODA.ODAT.KD
t9GL1nIZdtxszJbjKErN2Hg,Aid received per person (current US$),Economy,Aid received,World Bank,http://data.worldbank.org/indicator/DT.ODA.ODAT.PC.ZS
tzK6dx2JltRfVXFI1ADh84w,Aid received (% of GNI),Economy,Aid received,World Bank,http://data.worldbank.org/indicator/DT.ODA.ODAT.GI.ZS
tAQpQeQkuyA1-ZovdDJ7JAw,Dollar billionaires per million people,Economy,Poverty & inequality,Forbes,http://www.forbes.com/lists/2007/10/07billionaires_The-Worlds-Billionaires_CountryOfCitizen.html
t_KhYe1qTGh4c90N61AUDSg,Average age of dollar billionaires (years),Economy,Poverty & inequality,Forbes,http://www.forbes.com/lists/2007/10/07billionaires_The-Worlds-Billionaires_CountryOfCitizen.html
tNWhbu-1UIPPxtmRHtnINOQ,Total number of dollar billionaires,Economy,Poverty & inequality,Forbes,http://www.forbes.com/lists/2007/10/07billionaires_The-Worlds-Billionaires_CountryOfCitizen.html
0AkBd6lyS3EmpdDlSTTVWUkU3Z254aEhERmVuQWZaeWc,Debt to foreigners by public & private (% of GNI),Economy,Debt & trade,World Bank,http://data.worldbank.org/indicator/DT.DOD.DECT.GN.ZS
0AkBd6lyS3EmpdC1iMVRuVUFUd08tVDM0ZDF0cnFtekE,Total reserves (% of debt to foreigners),Economy,Debt & trade,World Bank,http://data.worldbank.org/indicator/FI.RES.TOTL.DT.ZS
pyj6tScZqmEfI4sLVvEQtHw,"Total GDP (US$, inflation-adjusted)",Economy,Incomes & growth,World Bank,http://data.worldbank.org/indicator/NY.GDP.MKTP.KD
0AkBd6lyS3EmpdHo5S0J6ekhVOF9QaVhod05QSGV4T3c,"GDP/capita (US$, inflation-adjusted)",Economy,Incomes & growth,World Bank,http://data.worldbank.org/indicator/NY.GDP.PCAP.KD
rcTO3doih5lvJCjgLSvlajA,"GDP/employee (US$, inflation-adjusted)",Economy,Incomes & growth,International Labour Organization,http://www.ilo.org/public/english/employment/strat/kilm/download.htm
r6kTHMinnVedj8gPsUtfZ0g,"GDP/working hour (US$, inflation-adjusted)",Economy,Incomes & growth,International Labour Organization,http://www.ilo.org/public/english/employment/strat/kilm/download.htm
tvllZwGIbhwxLD7EXFhPeXQ,GDP/capita growth over next 10 years,Economy,Incomes & growth,Various sources,http://spreadsheets.google.com/pub?key=tvllZwGIbhwxLD7EXFhPeXQ&gid=1
0AkBd6lyS3EmpdEdDWHhBcFpjMUo4MGE2X2Q4WXFQRGc,GDP/capita growth (% per year),Economy,Incomes & growth,World Bank,http://data.worldbank.org/indicator/NY.GDP.PCAP.KD.ZG
0ArfEDsV3bBwCdFl6cDkxcmZxM0pVNXBUYjE1ZmNqVUE,"Total GNI (PPP, current international $)",Economy,Incomes & growth,World Bank ,http://data.worldbank.org/indicator/NY.GNP.MKTP.PP.CD/countries
0ArfEDsV3bBwCdFdqZ0NOdjluMmoyUTBTWTRjWWQzQVE,GNI/capita (constant 2000 US$),Economy,Incomes & growth,World Bank ,http://data.worldbank.org/indicator/NY.GNP.PCAP.KD
0ArfEDsV3bBwCdFVrVDZQUnRwZ2lqT2lPMXcySXZwRmc,"GNI/capita (Atlas method, current US$)",Economy,Incomes & growth,World Bank ,http://data.worldbank.org/indicator/NY.GNP.PCAP.CD/countries
0ArfEDsV3bBwCdGhJcHAwanc2aFdZeXl1WTVZQnJjb1E,"GNI/per capita (PPP, current international $)",Economy,Incomes & growth,World Bank ,http://data.worldbank.org/indicator/NY.GNP.PCAP.PP.CD/countries
pyj6tScZqmEcjeKHnZq6RIg,Inequality index (Gini),Economy,Poverty & inequality,The World Bank,http://data.worldbank.org/indicator/SI.POV.GINI
tmKvydPl_roGIQBrMYA6C4g,Income share of richest 10%,Economy,Poverty & inequality,The World Bank,http://go.worldbank.org/B53SONGPA0
tLnCxItXzRSu9gH-5PyEFDw,Income share of richest 20%,Economy,Poverty & inequality,The World Bank,http://go.worldbank.org/B53SONGPA0
twSOUYrIFh2W2snDUt7VaQg,Income share of 2nd richest 20%,Economy,Poverty & inequality,The World Bank,http://go.worldbank.org/B53SONGPA0
t_-14NtXH6xZX48xHG75z5w,Income share of middle 20%,Economy,Poverty & inequality,The World Bank,http://go.worldbank.org/B53SONGPA0
tXRyZGCfHsWMmr53VFxrqTw,Income share of 2nd poorest 20%,Economy,Poverty & inequality,The World Bank,http://go.worldbank.org/B53SONGPA0
pyj6tScZqmEdIyrBS31XAaw,Income share of poorest 20%,Economy,Poverty & inequality,The World Bank,http://go.worldbank.org/B53SONGPA0
trzLWJQU4SZMDpeVg3XnL5A,Income share of poorest 10%,Economy,Poverty & inequality,The World Bank,http://go.worldbank.org/B53SONGPA0
0AkBd6lyS3EmpdGJoOUJXalk3STFYUG85MkxlbnQxMmc,Inflation (annual %),Economy,Economic situation,World Bank,http://data.worldbank.org/indicator/NY.GDP.DEFL.KD.ZG
pyj6tScZqmEejn8qHNmm4LQ,Central bank discount rate (annual %),Economy,Economic situation,UN Statistics Division,http://data.un.org
0AkBd6lyS3EmpdG9sVVF6dHpGdnhQU3BkMlAtNHFwVkE,Investments (% of GDP),Economy,Economic situation,World Bank,http://data.worldbank.org/indicator/NE.GDI.TOTL.ZS
0AkBd6lyS3EmpdFgzT1ZJWW4tdDB4Q2NETTVoTG1ZYlE,Tax revenue (% of GDP),Economy,Economic situation,World Bank,http://data.worldbank.org/indicator/GC.TAX.TOTL.GD.ZS
0AkBd6lyS3EmpdE03VFhRMnBpMGZhQ19Vbk9pMGU5VUE,"Foreign direct investment, net inflows (% of GDP)",Economy,Economic situation,World Bank,http://data.worldbank.org/indicator/BX.KLT.DINV.WD.GD.ZS
0AkBd6lyS3EmpdHQtSzBhVXA2WTNrVDFleUZvZ0doTUE,"Foreign direct investment, net outflows (% of GDP)",Economy,Economic situation,Not Found.,Not Found.
pyj6tScZqmEd5FA9xlfO9eA,Patent applications (total),Economy,Economic situation,UN Statistics Division,http://data.un.org
pyj6tScZqmEdMioz5VJKXHw,Patents granted (total),Economy,Economic situation,UN Statistics Division,http://data.un.org
pyj6tScZqmEe371ZVZl73eA,Patents in force (total),Economy,Economic situation,UN Statistics Division,http://data.un.org
tBrbR3BlR_12WlTIlSTpu6g,Poverty (% people below $2 a day),Economy,Poverty & inequality,The World Bank,http://data.worldbank.org/indicator/SI.POV.2DAY
trbzCrl1eb6QJG5D8j1-qQw,Rural poverty (% rural people below national rural poverty line),Economy,Poverty & inequality,The World Bank,http://go.worldbank.org/B53SONGPA0
tublssyj-uqIY25OoRupbCw,Urban poverty (% urban people below national urban poverty line),Economy,Poverty & inequality,The World Bank,http://go.worldbank.org/B53SONGPA0
t1YAVXUoD3iJKy2mSq2Padw,Extreme poverty (% people below $1.25 a day),Economy,Poverty & inequality,The World Bank,http://data.worldbank.org/indicator/SI.POV.DDAY
0AkBd6lyS3EmpdFhPbDdCTTYxM1dGc21UdE9sSkp1WEE,Agriculture (% of GDP),Economy,Sectors,World Bank,http://data.worldbank.org/indicator/NV.AGR.TOTL.ZS
0AkBd6lyS3EmpdHA2UEFOYTlUTWtzV29xbHFuMU00SFE,Industry (% of GDP),Economy,Sectors,World Bank,http://data.worldbank.org/indicator/NV.IND.TOTL.ZS
0AkBd6lyS3EmpdHk4eXd4RG5Rb1gtUTB0cUJ3M21qdGc,Services (% of GDP),Economy,Sectors,World Bank,http://data.worldbank.org/indicator/NV.SRV.TETC.ZS
0AkBd6lyS3EmpdHZSTVMxaVdxQlFLR3NMbnBEWnVuTXc,Exports (% of GDP),Economy,Debt & trade,World Bank,http://data.worldbank.org/indicator/NE.EXP.GNFS.ZS
0AkBd6lyS3EmpdEhLMVdnUjZ0d05WWkhjT0FjSDIwQmc,Imports (% of GDP),Economy,Debt & trade,World Bank,http://data.worldbank.org/indicator/NE.IMP.GNFS.ZS
0AkBd6lyS3EmpdGpkU3BSVmw5UXhTMWd6UFc1eXI3Rnc,"Arms exports (US$, inflation-adjusted)",Economy,Debt & trade,World Bank,http://data.worldbank.org/indicator/MS.MIL.XPRT.KD
0AkBd6lyS3EmpdEljeENrOXlFXzR3Rm8xT0drTV9YclE,"Arms imports (US$, inflation adjusted)",Economy,Debt & trade,World Bank,http://data.worldbank.org/indicator/MS.MIL.MPRT.KD
0Asm_G8nr4TCSdDh2NWQtVDJhYlVsTElFRjJIYkNlSnc,"Total GDP (PPP$, inflation-adjusted)",Economy,Incomes & growth,Various sources,https://spreadsheets.google.com/a/gapminder.org/pub?key=0Asm_G8nr4TCSdDh2NWQtVDJhYlVsTElFRjJIYkNlSnc&gid=1
0AkBd6lyS3EmpdEZkTFJZR2RNMVFuRmUzbktyTkoxREE,High-technology exports (% of manufactured exports),Economy,Debt & trade,World Bank,http://data.worldbank.org/indicator/TX.VAL.TECH.MF.ZS
0AkBd6lyS3EmpdDJFSzRHa3g1Q29BOWlla0tTOEFyVGc,Merchandise trade (% of GDP),Economy,Debt & trade,World Bank,http://data.worldbank.org/indicator/TG.VAL.TOTL.GD.ZS
0AkBd6lyS3EmpdEF6VzlKTzNCNjRnT0ZzMDg5a1d1Z3c,"Trade balance (US$, not inflation-adjusted)",Economy,Debt & trade,World Bank,http://data.worldbank.org/indicator/NE.RSB.GNFS.CD
0AkBd6lyS3EmpdFpGU185SkpmZ2V4ajNPZHFaaEwtU1E,Trade balance (% of GDP),Economy,Debt & trade,World Bank,http://data.worldbank.org/indicator/NE.RSB.GNFS.ZS
rEF20Sw6Sy7tn4DKsKSDDMQ,Hourly compensation (US$),Economy,Economic situation,International Labour Organization,http://www.ilo.org/public/english/employment/strat/kilm/download.htm
rdCufG2vozTpKw7TBGbyoWw,Working hours per week,Economy,Economic situation,International Labour Organization,http://www.ilo.org/public/english/employment/strat/kilm/download.htm
pyj6tScZqmEfMkeuokDLVIQ,Market value of listed companies (% of GDP),Economy,Economic situation,World Bank,http://data.worldbank.org/indicator/CM.MKT.LCAP.GD.ZS
0AkBd6lyS3EmpdDNPQjFBT2s5Zko3U2V0NFQzS3owRnc,Military expenditure (% of GDP),Society,War & peace,World Bank,http://data.worldbank.org/indicator/MS.MIL.XPND.GD.ZS
phAwcNAVuyj3Iw3kqbjJTZQ,Math achievement - 4th grade,Education,Achievement,TIMSS modified,http://timss.bc.edu/TIMSS2007/index.html
phAwcNAVuyj3fwfA8XA25Eg,Math achievement - 8th grade,Education,Achievement,TIMSS modified,http://timss.bc.edu/TIMSS2007/index.html
pyj6tScZqmEcWM3hb0x-BZA,Ratio of girls to boys in primary and secondary education (%),Education,Gender equality,World Bank,http://data.worldbank.org/indicator/SE.ENR.PRSC.FM.ZS
0AkBd6lyS3EmpdE8xR0dUWDI4ME02SjQ5bi1NYnFHN0E,Ratio of young literate females to males (% ages 15-24),Education,Gender equality,World Bank,http://data.worldbank.org/indicator/SE.ADT.1524.LT.FM.ZS
pyj6tScZqmEc96gAEE60-Zg,"Literacy rate, adult female (% of females ages 15 and above)",Education,Literacy,UNESCO Institute for Statistics,http://stats.uis.unesco.org/unesco/TableViewer/document.aspx?ReportId=136&IF_Language=eng&BR_Topic=0
pyj6tScZqmEd4fn4YYOvuOg,"Literacy rate, adult male (% of males ages 15 and above)",Education,Literacy,UNESCO Institute for Statistics,http://stats.uis.unesco.org/unesco/TableViewer/document.aspx?ReportId=136&IF_Language=eng&BR_Topic=0
pyj6tScZqmEdrsBnj2ROXAg,"Literacy rate, adult total (% of people ages 15 and above)",Education,Literacy,UNESCO Institute for Statistics,http://stats.uis.unesco.org/unesco/TableViewer/tableView.aspx?ReportId=210
pyj6tScZqmEf96wv_abR0OA,"Literacy rate, youth female (% of females ages 15-24)",Education,Literacy,UNESCO Institute for Statistics,http://stats.uis.unesco.org/unesco/TableViewer/document.aspx?ReportId=136&IF_Language=eng&BR_Topic=0
pyj6tScZqmEe7OxrqKcSWfw,"Literacy rate, youth male (% of males ages 15-24)",Education,Literacy,UNESCO Institute for Statistics,http://stats.uis.unesco.org/unesco/TableViewer/document.aspx?ReportId=136&IF_Language=eng&BR_Topic=0
pyj6tScZqmEepmgV0TLjBag,"Literacy rate, youth total (% of people ages 15-24)",Education,Literacy,UNESCO Institute for Statistics,http://stats.uis.unesco.org/unesco/TableViewer/document.aspx?ReportId=136&IF_Language=eng&BR_Topic=0
0AkBd6lyS3EmpdGVSdkZnZWhfMDYybzd6U2p3NkxsZ3c,"Children out of school, primary",Education,School enrolment,World Bank,http://data.worldbank.org/indicator/SE.PRM.UNER
0AkBd6lyS3EmpdFNPaEhiUDJ0QWZYOEwwQlBSTmtza1E,"Children out of school, primary, female",Education,School enrolment,World Bank,http://data.worldbank.org/indicator/SE.PRM.UNER.FE
0AkBd6lyS3EmpdFd5cnQzNU5IYm1vTWtrTWRIX3UxbHc,"Children out of school, primary, male",Education,School enrolment,World Bank,http://data.worldbank.org/indicator/SE.PRM.UNER.MA
0AkBd6lyS3EmpdEhTN2hlZ05ZczVwZDdVZlF5cUxJb2c,"Primary completion rate, total (% of relevant age group)",Education,School enrolment,World Bank,http://data.worldbank.org/indicator/SE.PRM.CMPT.ZS
0AkBd6lyS3EmpdGhCWnZrTGMwaTl5ek9QS0szMTIwcEE,Primary school completion (% of boys),Education,School enrolment,World Bank,http://data.worldbank.org/indicator/SE.PRM.CMPT.MA.ZS
0AkBd6lyS3EmpdFVxSEVZVWE1b0l6NWo5NzNTZ2IzWVE,Primary school completion (% of girls),Education,School enrolment,World Bank,http://data.worldbank.org/indicator/SE.PRM.CMPT.FE.ZS
0AkBd6lyS3EmpdFJTUEVleTM0cE5jTnlTMk41ajBGclE,"Expenditure per student, primary (% of GDP per person)",Education,Schooling cost,World Bank,http://data.worldbank.org/indicator/SE.XPD.PRIM.PC.ZS
0AkBd6lyS3EmpdDBuUVIzbWwtaU5helpJVG5BMmxyX1E,"Expenditure per student, secondary (% of GDP per person)",Education,Schooling cost,World Bank,http://data.worldbank.org/indicator/SE.XPD.SECO.PC.ZS
0AkBd6lyS3EmpdDJxdlN6cEtYMjMxdC1XdGdKOXR2bkE,"Expenditure per student, tertiary (% of GDP per person)",Education,Schooling cost,World Bank,http://data.worldbank.org/indicator/SE.XPD.TERT.PC.ZS
0ArfEDsV3bBwCdHFEVVhHZElzb0VRWE9pc3JmZHg2dWc,Mean years in school (women 25 years and older),Education,Mean years in school,IHME,http://www.healthmetricsandevaluation.org/resources/datasets/2010/education_attainment/education_attainment.html
0ArfEDsV3bBwCdC03X1ZWNGJHR3FBb0Q3VjJIdV9OSmc,Mean years in school (men 25 years and older),Education,Mean years in school,IHME,http://www.healthmetricsandevaluation.org/resources/datasets/2010/education_attainment/education_attainment.html
0ArfEDsV3bBwCdC1MYzAtY2xPQ2xOR1lMeGhYSWlpR0E,Mean years in school (women 25 to 34 years),Education,Mean years in school,IHME,Increased educational attainment and its impact on child mortality: a systematic analysis in 175 countries from 1970 to 2009.
0ArfEDsV3bBwCdHlYZHNWN1YtWVNudU9UbWJOd19nUVE,Mean years in school (men 25 to 34 years),Education,Mean years in school,IHME,http://www.healthmetricsandevaluation.org/resources/datasets/2010/education_attainment/education_attainment.html
0ArfEDsV3bBwCdEttYjNNUTlkUTdrMUQ0c3BTR0dINlE,Mean years in school (women of reproductive age 15 to 44),Education,Mean years in school,IHME,http://www.healthmetricsandevaluation.org/resources/datasets/2010/education_attainment/education_attainment.html
0ArfEDsV3bBwCdG5JUDZjTHR5SzZFZjBqa2JYYUxBclE,"Mean years in school (women % men, 25 to 34 years)",Education,Mean years in school,IHME,http://www.healthmetricsandevaluation.org/resources/datasets/2010/education_attainment/education_attainment.html
0AkBd6lyS3EmpdHd2Nld0NEVFOGRiSTc0V3ZoekNuS1E,"Energy use, total",Energy,Total,World Bank,http://data.worldbank.org/indicator/EG.USE.COMM.KT.OE
0AkBd6lyS3EmpdHRmYjJWLVF0SjlQY1N5Vm9yU0xxaGc,"Energy use, per person",Energy,Total,World Bank,http://data.worldbank.org/indicator/EG.USE.PCAP.KG.OE
0AkBd6lyS3EmpdFNZMXZwcjNPY2c3MWwxbWIwVFgyd0E,"Energy production, total",Energy,Total,World Bank,http://data.worldbank.org/indicator/EG.EGY.PROD.KT.OE
0AkBd6lyS3EmpdHJ6UTV4MkEyN0NYdnJJOG1oYUxmTWc,"Energy production, per person",Energy,Total,Based on WDI data,http://data.worldbank.org/indicator/EG.EGY.PROD.KT.OE
pyj6tScZqmEdz8B4njtoHPA,Pump price for gasoline (US$ per liter),Energy,,World Development Indicators,http://go.worldbank.org/U0FSM7AQ40
0Auk0ddvGIrGqcHlqNnRTY1pxbUVjMVRtTWlGZG1PVmc,"Coal consumption, total",Energy,Coal,BP,http://www.bp.com/extendedsectiongenericarticle.do?categoryId=9041233&contentId=7075263
0Auk0ddvGIrGqcHlqNnRTY1pxbUVka1hObHlPbTlmUUE,"Coal consumption, per person",Energy,Coal,BP,http://www.bp.com/statisticalreview
tiVeyAJd7iRWorOwl_ARWEQ,"Electricity use, per person",Energy,Electricity,BP,http://data.worldbank.org/indicator/EG.USE.ELEC.KH.PC/countries
tEu78F4acf0u6MRyhg5-9qQ,"Electricity use, total",Energy,Electricity,World Bank,http://data.worldbank.org/indicator/EG.USE.ELEC.KH.PC/countries
t7SFNscT9Ex0s9i3av7PxRQ,"Residential electricity use, per person",Energy,Electricity,IEA (International Energy Agency),http://www.worldenergyoutlook.org/
teUZEfKw52HewO3D0YrQ5HA,"Residential electricity use, total",Energy,Electricity,IEA (International Energy Agency),http://www.worldenergyoutlook.org/
pyj6tScZqmEehRG-9mMHYdg,"Electricity generation, total",Energy,Electricity,BP,http://www.bp.com/statisticalreview
pyj6tScZqmEeMtYNdMyLKOw,"Electricity generation, per person",Energy,Electricity,BP,http://www.bp.com/statisticalreview
t1MShlv870O6LmFNEHazdEg,"Hydroelectric electricity production, total",Energy,Hydro,World Bank,http://data.worldbank.org/indicator/EG.ELC.HYRO.KH
tSjVrGemv30eCh3jPZkXYCQ,"Hydroelectric electricity production, per person",Energy,Hydro,World Bank,http://data.worldbank.org/indicator/EG.ELC.HYRO.KH
trRb8ZIaBOD4KzikShshZ2g,"Nuclear electricity production, total",Energy,Nuclear,World Bank,http://data.worldbank.org/indicator/EG.ELC.NUCL.KH
t28UhT9IaWINamciSiJIS7w,"Nuclear electricity production, per person",Energy,Nuclear,Not Found.,Not Found.
pyj6tScZqmEfv2K6dZmskWg,"Natural gas production, total",Energy,Natural gas,BP,http://www.bp.com/statisticalreview
pyj6tScZqmEf0IBo_AGrgKA,"Natural gas production, per person",Energy,Natural gas,BP,http://www.bp.com/statisticalreview
pyj6tScZqmEfZd6DbNF1MKA,"Natural gas proven reserves, per person",Energy,Natural gas,BP,http://www.bp.com/statisticalreview
pyj6tScZqmEc5qiv87tr3NA,"Natural gas proved reserves, total",Energy,Natural gas,BP,http://www.bp.com/statisticalreview
pyj6tScZqmEeUgUuvuJTONQ,"Oil production, per person",Energy,Oil,BP,http://www.bp.com/statisticalreview
pyj6tScZqmEdNIa3ckVXaCQ,"Oil production, total",Energy,Oil,BP,http://www.bp.com/statisticalreview
pyj6tScZqmEfrI4YlDJDUag,"Oil proven reserves, per person",Energy,Oil,BP,http://www.bp.com/statisticalreview
pyj6tScZqmEfJfS1WYrLeBA,"Oil proved reserves, total",Energy,Oil,BP,http://www.bp.com/statisticalreview
pyj6tScZqmEcm0fIa0IVtKw,"Oil consumption, total",Energy,Oil,BP,http://www.bp.com/statisticalreview
0ArfEDsV3bBwCdERNZmlfUGM5YVE3bmEwODdlRDFqSkE,"Oil consumption, per person",Energy,Oil,BP,http://www.bp.com/statisticalreview
rvRwTPi0n_94EScVA3YjLeg,Drought - deaths annual number,Environment,Disasters,EM-DAT: The OFDA/CRED International Disaster Database,http://www.emdat.be/database
rvbbs7uxQc7swJ4RR2BcQfA,Earthquake - deaths annual number,Environment,Disasters,EM-DAT: The OFDA/CRED International Disaster Database,http://www.emdat.be/database
rvtZF_JC0OI27tL66o6hiMQ,Epidemic - deaths annual number,Environment,Disasters,EM-DAT: The OFDA/CRED International Disaster Database,http://www.emdat.be/database
r4WUTsck3NfccM6UsKlGF7g,Extreme temperature - deaths annual number,Environment,Disasters,EM-DAT: The OFDA/CRED International Disaster Database,http://www.emdat.be/database
rtESPUlrTyLEoHpURqE8RAg,Flood - deaths annual number,Environment,Disasters,EM-DAT: The OFDA/CRED International Disaster Database,http://www.emdat.be/database
r0JePjBgBQqtuh5wh1Wz9CA,Storm - deaths annual number,Environment,Disasters,EM-DAT: The OFDA/CRED International Disaster Database,http://www.emdat.be/database
rdBew79hTeXcIXhB1VCTPfg,Tsunami - deaths annual number,Environment,Disasters,EM-DAT: The OFDA/CRED International Disaster Database,http://www.emdat.be/database
rSv5aMDwESiKg-yA__-tRFg,Plane crash - deaths annual number,Environment,Disasters,EM-DAT: The OFDA/CRED International Disaster Database,http://www.emdat.be/database
rAYA0bjnfYwzXnir0cigijQ,Drought - affected annual number,Environment,Disasters,EM-DAT: The OFDA/CRED International Disaster Database,http://www.emdat.be/database
rG_BjsDwyS2n7DANNH3i5vQ,Earthquake - affected annual number,Environment,Disasters,EM-DAT: The OFDA/CRED International Disaster Database,http://www.emdat.be/database
r6H8dfVPu2CJ2nzI8X0jurw,Epidemic - affected annual number,Environment,Disasters,EM-DAT: The OFDA/CRED International Disaster Database,http://www.emdat.be/database
ryPd-H6Kn3wcHC50zyImqUg,Extreme temperature - affected annual number,Environment,Disasters,EM-DAT: The OFDA/CRED International Disaster Database,http://www.emdat.be/database
rsCDusOObseaoBUdarzw7Kw,Flood - affected annual number,Environment,Disasters,EM-DAT: The OFDA/CRED International Disaster Database,http://www.emdat.be/database
rAxnmm4ZL2HrYjIqJX0Ch-w,Storm - affected annual number,Environment,Disasters,EM-DAT: The OFDA/CRED International Disaster Database,http://www.emdat.be/database
rskN46tpbe6Iy3K_ULk1_cQ,Tsunami - affected annual number,Environment,Disasters,EM-DAT: The OFDA/CRED International Disaster Database,http://www.emdat.be/database
rhbS3kWOfMzvY4ofUFoeFJg,Plane crash - affected annual number,Environment,Disasters,EM-DAT: The OFDA/CRED International Disaster Database,http://www.emdat.be/database
0AkBd6lyS3EmpdEVUcEJVRzlFWWRRcjhveGlrQzdwdUE,CO2 intensity of economic output (kg CO2 per 2005 PPP $ of GDP),Environment,Emissions,World Bank,http://data.worldbank.org/indicator/EN.ATM.CO2E.PP.GD.KD
pyj6tScZqmEed4UamoiNCFA,Cumulative CO2 emissions (tonnes),Environment,Emissions,CDIAC (Carbon Dioxide Information Analysis Center),http://cdiac.ornl.gov/ftp/ndp030/CSV-FILES/
phAwcNAVuyj0uBndTxZAXNQ,Sulfur emissions per person (kg),Environment,Emissions,Stern modified,http://spreadsheets.google.com/pub?key=phAwcNAVuyj0uBndTxZAXNQ&gid=1
phAwcNAVuyj1NHPC9MyZ9SQ,Yearly CO2 emissions (1000 tonnes),Environment,Emissions,CDIAC (Carbon Dioxide Information Analysis Center),http://cdiac.ornl.gov/trends/emis/meth_reg.html
t9SYWh7siLJDzyZYN1R4HfQ,Total sulfur emission (kilotonnes),Environment,Emissions,Stern modified,http://spreadsheets.google.com/pub?key=t9SYWh7siLJDzyZYN1R4HfQ&gid=1
pp59adS3CHWeB1N1HlpFQVQ,"Forest land, total area (ha)",Environment,Forestry,FAO - Food and Agriculture Organization,http://www.fao.org/forestry/sofo/en/
pp59adS3CHWeECA6Gf__BNQ,Primary forest area (ha),Environment,Forestry,FAO - Food and Agriculture Organization,http://www.fao.org/forestry/sofo/en/
pp59adS3CHWc4aJd9fV8zZg,Planted forest area (ha),Environment,Forestry,FAO - Food and Agriculture Organization,http://www.fao.org/forestry/sofo/en/
pp59adS3CHWe8O-N9RgxzDw,Wood removal (cubic meters),Environment,Forestry,FAO - Food and Agriculture Organization,http://www.fao.org/forestry/sofo/en/
pp59adS3CHWfRGgfhjf8FBQ,Forest coverage (%),Environment,Forestry,FAO - Food and Agriculture Organization,http://www.fao.org/forestry/sofo/en/
pp59adS3CHWcsSl830EklJA,Biomass stock in forest (tons),Environment,Forestry,FAO - Food and Agriculture Organization,http://www.fao.org/forestry/sofo/en/
pp59adS3CHWdFemmS_iN5fw,Privately owned forest land (%),Environment,Forestry,FAO - Food and Agriculture Organization,http://www.fao.org/forestry/sofo/en/
pp59adS3CHWdtCylhQOQiXw,Privately owned other wooded land (%),Environment,Forestry,FAO - Food and Agriculture Organization,http://www.fao.org/forestry/sofo/en/
pp59adS3CHWf66stZ2oNUAA,"Forest products removal, total ($)",Environment,Forestry,FAO - Food and Agriculture Organization,http://www.fao.org/forestry/sofo/en/
pp59adS3CHWd9CVdfFx1dEw,"Forest products removal, per ha ($)",Environment,Forestry,FAO - Food and Agriculture Organization,http://www.fao.org/forestry/sofo/en/
0AkBd6lyS3EmpdEF3alRGS0JQZVgwSW1FWUxUQmZoWXc,Agricultural land (% of land area),Environment,Geography,World Bank,http://data.worldbank.org/indicator/AG.LND.AGRI.ZS
0AkBd6lyS3EmpdFRuaV91Mm9JeUhwR1hHRXJhV3ZBQkE,Forest area (sq. km),Environment,Geography,World Bank,http://data.worldbank.org/indicator/AG.LND.FRST.K2
0AkBd6lyS3EmpdFFWcWdEM0RXT1lRZ0wwRVNsakZCaWc,Surface area (sq. km),Environment,Geography,World Bank,http://data.worldbank.org/indicator/AG.SRF.TOTL.K2
rPN9VekxwpUzwowMaxg9Ybw,Renewable water (cu meters per person),Environment,Water,FAO aquastat database,http://www.fao.org/nr/water/aquastat/data/query/index.html
riLRFECHMsTq7OTa2KYZCWA,Internal renewable water (cu meters per person),Environment,Water,FAO aquastat database,http://www.fao.org/nr/water/aquastat/data/query/index.html
rezAT4nYhKc2Loe6CxWSPWw,Water withdrawal (cu meters per person),Environment,Water,FAO aquastat database,http://www.fao.org/nr/water/aquastat/data/query/index.html
ruUmTRBZ5xYjpOAhOT9VQbw,Municipal water withdrawal (cu meters per person),Environment,Water,FAO aquastat database,http://www.fao.org/nr/water/aquastat/data/query/index.html
rab3jHe_JZrU1pqlX0xnQEw,Agricultural water withdrawal (% of total),Environment,Water,FAO aquastat database,http://www.fao.org/nr/water/aquastat/data/query/index.html
rGKP-BBylLOM11iGahW1lxA,Industrial water withdrawal (% of total),Environment,Water,FAO aquastat database,http://www.fao.org/nr/water/aquastat/data/query/index.html
r58mA3XNUvBov6M_1T_FiUg,Municipal water withdrawal (% of total),Environment,Water,FAO aquastat database,http://www.fao.org/nr/water/aquastat/data/query/index.html
rt3BaikcRwJBNC0CvQsjDCA,Desalinated water produced (billion cu meters),Environment,Water,FAO aquastat database,http://www.fao.org/nr/water/aquastat/data/query/index.html
rIG3ZWxv381t2bIL2BNaIVw,Total water withdrawal (billion cu meters),Environment,Water,FAO aquastat database,http://www.fao.org/nr/water/aquastat/data/query/index.html
phAwcNAVuyj0NpF2PTov2Cw,"Infant mortality (rate per 1,000 births)",Health,,Various sources,http://spreadsheets.google.com/pub?key=phAwcNAVuyj0NpF2PTov2Cw&gid=1
0ArfEDsV3bBwCdDdTQUtvNEJhb0RjRjU0WUtET1R0Vnc,Underweight children,Health,,World Bank,http://data.worldbank.org
tbpc_fYEqPzaE7pDWBG84Rw,"All causes deaths in newborn (per 1,000 births)",Health,Causes of newborn deaths,Lancet,http://www.lancet.org
t_0WcTuc94YT9cJVvy1tmUg,"Birth asphyxia deaths in newborn (per 1,000 births)",Health,Causes of newborn deaths,Lancet,http://www.lancet.org
tneegXfZGHA0-nLG25ypnyg,"Congenital deaths in newborn (per 1,000 births)",Health,Causes of newborn deaths,Lancet,http://www.lancet.org
tX7NQAP_5H4TOS1OEnxdxYw,"Diarrhoeal deaths in newborn (per 1,000 births)",Health,Causes of newborn deaths,Lancet,http://www.lancet.org
tOXHWd6PcUGK3Dg-k2N8Clw,"Pneumonia deaths in newborn (per 1,000 births)",Health,Causes of newborn deaths,Lancet,http://www.lancet.org
tVMPnbOfGdvTRrtbuIbRw5w,"Prematurity deaths in newborn (per 1,000 births)",Health,Causes of newborn deaths,Lancet,http://www.lancet.org
tGVRSoAJtdwQ30CqCSexKJA,"Sepsis deaths in newborn (per 1,000 births)",Health,Causes of newborn deaths,Lancet,http://www.lancet.org
t1E7e32tlIxtJU9UhnR9nJg,"Tetanus deaths in newborn (per 1,000 births)",Health,Causes of newborn deaths,Lancet,http://www.lancet.org
tiYIen5OQP0fKiQbg6g8VyA,"Other deaths in newborn (per 1,000 births)",Health,Causes of newborn deaths,Lancet,http://www.lancet.org
tBVcAKWEbc2s687q6D9yuYg,All causes deaths in newborn (total deaths),Health,Causes of newborn deaths,Lancet,http://www.lancet.org
twrll6eL8GeIU4P71aTakmg,Birth asphyxia deaths in newborn (total deaths),Health,Causes of newborn deaths,Lancet,http://www.lancet.org
tUvFsKz2lGL-GtPmw47VLdg,Congenital deaths in newborn (total deaths),Health,Causes of newborn deaths,Lancet,http://www.lancet.org
tKZcnGP_XImMXRZ4tZqtjMg,Diarrhoeal deaths in newborn (total deaths),Health,Causes of newborn deaths,Lancet,http://www.lancet.org
tjvbVGhVx7YCk1uguLrkaag,Pneumonia deaths in newborn (total deaths),Health,Causes of newborn deaths,Lancet,http://www.lancet.org
tVyFL3CyRTuGEnRQErDeSLQ,Prematurity deaths in newborn (total deaths),Health,Causes of newborn deaths,Lancet,http://www.lancet.org
tRA1VmW2ZQ7sCsoD7AHIilg,Sepsis deaths in newborn (total deaths),Health,Causes of newborn deaths,Lancet,http://www.lancet.org
tB6Gkh4rLC9yB2TXfHSApIA,Tetanus deaths in newborn (total deaths),Health,Causes of newborn deaths,Lancet,http://www.lancet.org
tyPO4OLCIZtK5zcdkafcHMA,Other deaths in newborn (total deaths),Health,Causes of newborn deaths,Lancet,http://www.lancet.org
t9FP3_OPrE2ug_I_iNsbePg,"All causes deaths in children 1-59 months (per 1,000 births)",Health,Causes of child deaths,Lancet,http://www.lancet.org
tADSStUzP0ADEPYqsIfVHMQ,"Diarrhoeal deaths in children 1-59 months (per 1,000 births)",Health,Causes of child deaths,Lancet,http://www.lancet.org
t4C4M_ynK9Ho8tGRj6a5U5w,"HIV deaths in children 1-59 months (per 1,000 births)",Health,Causes of child deaths,Lancet,http://www.lancet.org
tfOi0Ji7pJDJbxJVqwJXj9g,"Injury deaths in children 1-59 months (per 1,000 births)",Health,Causes of child deaths,Lancet,http://www.lancet.org
tunqKEwokfnJMDA1g7W8KwA,"Malaria deaths in children 1-59 months (per 1,000 births)",Health,Causes of child deaths,Lancet,http://www.lancet.org
tfyKUbGu10P_WOgHSOHhCJg,"Measles deaths in children 1-59 months (per 1,000 births)",Health,Causes of child deaths,Lancet,http://www.lancet.org
tZhYsw0sliDInwowT0iWTLQ,"Meningitis deaths in children 1-59 months (per 1,000 births)",Health,Causes of child deaths,Lancet,http://www.lancet.org
tqAEpy6pMtN7ULlF6uIzEog,"NCD deaths in children 1-59 months (per 1,000 births)",Health,Causes of child deaths,Lancet,http://www.lancet.org
t4RbfeK6Dtt2srxw4REoXxQ,"Pertussis deaths in children 1-59 months (per 1,000 births)",Health,Causes of child deaths,Lancet,http://www.lancet.org
tCe8N5KXAYCJteQokAqVM_A,"Pneumonia deaths in children 1-59 months (per 1,000 births)",Health,Causes of child deaths,Lancet,http://www.lancet.org
tVAqgYwCDZfcq9jSCI87SAw,"Other infections deaths in children 1-59 months (per 1,000 births)",Health,Causes of child deaths,Lancet,http://www.lancet.org
taYeez4Mkk8OvdH-q4QAxxQ,All causes deaths in children 1-59 months (total deaths),Health,Causes of child deaths,Lancet,http://www.lancet.org
tDzIq4iIDwNtYthN_QYZwZg,Diarrhoeal deaths in children 1-59 months (total deaths),Health,Causes of child deaths,Lancet,http://www.lancet.org
tQe6yinBBauXLvBFroZEL3Q,HIV deaths in children 1-59 months (total deaths),Health,Causes of child deaths,Lancet,http://www.lancet.org
tnRIpcH0InZUFz7f2ziXKog,Injury deaths in children 1-59 months (total deaths),Health,Causes of child deaths,Lancet,http://www.lancet.org
t1Vf-4rkGlG20pYzuGib3hw,Malaria deaths in children 1-59 months (total deaths),Health,Causes of child deaths,Lancet,http://www.lancet.org
tYZAce4wGXEp5Jve3AI7yWQ,Measles deaths in children 1-59 months (total deaths),Health,Causes of child deaths,Lancet,http://www.lancet.org
tX-vHLzEZ7mqfk1vf6SbUXA,Meningitis deaths in children 1-59 months (total deaths),Health,Causes of child deaths,Lancet,http://www.lancet.org
tfmFGk3PIvTgimegQiHOtSQ,NCD deaths in children 1-59 months (total deaths),Health,Causes of child deaths,Lancet,http://www.lancet.org
tdOlzqGxVdDnnCpfWyyGX1A,Pertussis deaths in children 1-59 months (total deaths),Health,Causes of child deaths,Lancet,http://www.lancet.org
tcYkTk6KMHsrXzcM9WyUxbw,Pneumonia deaths in children 1-59 months (total deaths),Health,Causes of child deaths,Lancet,http://www.lancet.org
tiehFos6jB-lekEAH028deA,Other infections deaths in children 1-59 months (total deaths),Health,Causes of child deaths,Lancet,http://www.lancet.org
phAwcNAVuyj0Zbn8wVYsEHQ,"Breast cancer, new cases per 100,000 women",Health,"Cancer, female",Based on IARC data,http://spreadsheets.google.com/pub?key=phAwcNAVuyj0Zbn8wVYsEHQ&gid=1
phAwcNAVuyj3XpKHFksEPcA,"Cervical cancer, new cases per 100,000 women",Health,"Cancer, female",Based on IARC data,http://spreadsheets.google.com/pub?key=phAwcNAVuyj3XpKHFksEPcA&gid=1
phAwcNAVuyj2P7lqZXLeZAw,"Colon&Rectum cancer, new cases per 100,000 women",Health,"Cancer, female",Based on IARC data,http://spreadsheets.google.com/pub?key=phAwcNAVuyj2P7lqZXLeZAw&gid=1
phAwcNAVuyj2xhaKENmyRKw,"Liver cancer, new cases per 100,000 women",Health,"Cancer, female",Based on IARC data,http://spreadsheets.google.com/pub?key=phAwcNAVuyj2xhaKENmyRKw&gid=1
phAwcNAVuyj0UaQ2DNjK9Lg,"Lung cancer, new cases per 100,000 women",Health,"Cancer, female",Based on IARC data,http://spreadsheets.google.com/pub?key=phAwcNAVuyj0UaQ2DNjK9Lg&gid=1
phAwcNAVuyj0je8zzeM4WXQ,"Stomach cancer, new cases per 100,000 women",Health,"Cancer, female",Based on IARC data,http://spreadsheets.google.com/pub?key=phAwcNAVuyj0je8zzeM4WXQ&gid=1
phAwcNAVuyj2fGuJ1VdTpOw,"Breast cancer, number of new female cases",Health,"Cancer, female",IARC,http://www-dep.iarc.fr/
phAwcNAVuyj0g-SgNTI23GQ,"Cervical cancer, number of new female cases",Health,"Cancer, female",IARC,http://www-dep.iarc.fr/
phAwcNAVuyj2L5YHqVxRTLA,"Colon&Rectum cancer, number of new female cases",Health,"Cancer, female",IARC,http://www-dep.iarc.fr/
phAwcNAVuyj1_IYQtrqQCKQ,"Liver cancer, number of new female cases",Health,"Cancer, female",IARC,http://www-dep.iarc.fr/
phAwcNAVuyj2oQAW8_53cVQ,"Lung cancer, number of new female cases",Health,"Cancer, female",IARC,http://www-dep.iarc.fr/
phAwcNAVuyj1aXfw3aV83TA,"Stomach cancer, number of new female cases",Health,"Cancer, female",IARC,http://www-dep.iarc.fr/
phAwcNAVuyj3wJUwXXDdiGg,"Breast cancer, deaths per 100,000 women",Health,"Cancer, female",Based on IARC and WHO data,http://spreadsheets.google.com/pub?key=phAwcNAVuyj3wJUwXXDdiGg&gid=1
phAwcNAVuyj0jPl21g3mqfQ,"Cervical cancer, deaths per 100,000 women",Health,"Cancer, female",Based on IARC and WHO data,http://spreadsheets.google.com/pub?key=phAwcNAVuyj0jPl21g3mqfQ&gid=1
phAwcNAVuyj3bdzmKAvdUSw,"Colon&Rectum cancer, deaths per 100,000 women",Health,"Cancer, female",Based on IARC and WHO data,http://spreadsheets.google.com/pub?key=phAwcNAVuyj3bdzmKAvdUSw&gid=1
phAwcNAVuyj2ItBsVpK9VBA,"Liver cancer, deaths per 100,000 women",Health,"Cancer, female",Based on IARC and WHO data,http://spreadsheets.google.com/pub?key=phAwcNAVuyj2ItBsVpK9VBA&gid=1
phAwcNAVuyj2hZorcv6aVLA,"Lung cancer, deaths per 100,000 women",Health,"Cancer, female",Based on IARC and WHO data,http://spreadsheets.google.com/pub?key=phAwcNAVuyj2hZorcv6aVLA&gid=1
phAwcNAVuyj0RpUEQPgGcZQ,"Stomach cancer, deaths per 100,000 women",Health,"Cancer, female",Based on IARC and WHO data,http://spreadsheets.google.com/pub?key=phAwcNAVuyj0RpUEQPgGcZQ&gid=1
phAwcNAVuyj07QB-Apx8RfQ,"Breast cancer, number of female deaths",Health,"Cancer, female",IARC,http://www-dep.iarc.fr/
phAwcNAVuyj2KBU_veE9AQg,"Cervical cancer, number of female deaths",Health,"Cancer, female",IARC,http://www-dep.iarc.fr/
phAwcNAVuyj0ndPkFlozzXQ,"Colon&Rectum cancer, number of female deaths",Health,"Cancer, female",IARC,http://www-dep.iarc.fr/
phAwcNAVuyj2LwNOwMSnJQA,"Liver cancer, number of female deaths",Health,"Cancer, female",IARC,http://www-dep.iarc.fr/
phAwcNAVuyj0RMyUI1QFfaA,"Lung cancer, number of female deaths",Health,"Cancer, female",IARC,http://www-dep.iarc.fr/
phAwcNAVuyj1o1rJNFHpQZw,"Stomach cancer, number of female deaths",Health,"Cancer, female",IARC,http://www-dep.iarc.fr/
phAwcNAVuyj2UBFFaFy3Ebg,"Colon&Rectum cancer, new cases per 100,000 men",Health,"Cancer, male",Based on IARC data,http://spreadsheets.google.com/pub?key=phAwcNAVuyj2UBFFaFy3Ebg&gid=1
phAwcNAVuyj1u0KpZbsopCA,"Liver cancer, new cases per 100,000 men",Health,"Cancer, male",Based on IARC data,http://spreadsheets.google.com/pub?key=phAwcNAVuyj1u0KpZbsopCA&gid=1
phAwcNAVuyj1kCRbsnNcTVg,"Lung cancer, new cases per 100,000 men",Health,"Cancer, male",Based on IARC data,http://spreadsheets.google.com/pub?key=phAwcNAVuyj1kCRbsnNcTVg&gid=1
phAwcNAVuyj3qX39HWaQjEg,"Prostate cancer, new cases per 100,000 men",Health,"Cancer, male",Based on IARC data,http://spreadsheets.google.com/pub?key=phAwcNAVuyj3qX39HWaQjEg&gid=1
phAwcNAVuyj1XKvT6zwrMPw,"Stomach cancer, new cases per 100,000 men",Health,"Cancer, male",Based on IARC data,http://spreadsheets.google.com/pub?key=phAwcNAVuyj1XKvT6zwrMPw&gid=1
phAwcNAVuyj3nBOvEwrkMTA,"Colon&Rectum cancer, number of new male cases",Health,"Cancer, male",IARC,http://www-dep.iarc.fr/
phAwcNAVuyj2LIYJXVW9EVw,"Liver cancer, number of new male cases",Health,"Cancer, male",IARC,http://www-dep.iarc.fr/
phAwcNAVuyj0sd0z2MGpeeA,"Lung cancer, number of new male cases",Health,"Cancer, male",IARC,http://www-dep.iarc.fr/
phAwcNAVuyj2vXUZJKI0XHA,"Prostate cancer, number of new male cases",Health,"Cancer, male",IARC,http://www-dep.iarc.fr/
phAwcNAVuyj3XF3cD2lbecA,"Stomach cancer, number of new male cases",Health,"Cancer, male",IARC,http://www-dep.iarc.fr/
phAwcNAVuyj0VhkB8-rRHQg,"Colon&Rectum cancer, deaths per 100,000 men",Health,"Cancer, male",Based on IARC and WHO data,http://spreadsheets.google.com/pub?key=phAwcNAVuyj0VhkB8-rRHQg&gid=1
phAwcNAVuyj3rojF8TmZtOw,"Liver cancer, deaths per 100,000 men",Health,"Cancer, male",Based on IARC and WHO data,http://spreadsheets.google.com/pub?key=phAwcNAVuyj3rojF8TmZtOw&gid=1
phAwcNAVuyj2_ibAjsuNgYA,"Lung cancer, deaths per 100,000 men",Health,"Cancer, male",Based on IARC and WHO data,http://spreadsheets.google.com/pub?key=phAwcNAVuyj2_ibAjsuNgYA&gid=1
phAwcNAVuyj2S9phBhTP3dw,"Prostate cancer, deaths per 100,000 men",Health,"Cancer, male",Based on IARC and WHO data,http://spreadsheets.google.com/pub?key=phAwcNAVuyj2S9phBhTP3dw&gid=1
phAwcNAVuyj3ky4_oAkatBw,"Stomach cancer, deaths per 100,000 men",Health,"Cancer, male",Based on IARC and WHO data,http://spreadsheets.google.com/pub?key=phAwcNAVuyj3ky4_oAkatBw&gid=1
phAwcNAVuyj0-sqkfnD4rGA,"Colon&Rectum cancer, number of male deaths",Health,"Cancer, male",IARC,http://www-dep.iarc.fr/
phAwcNAVuyj1RD88c3w1vNg,"Liver cancer, number of male deaths",Health,"Cancer, male",IARC,http://www-dep.iarc.fr/
phAwcNAVuyj2Az43qu-dQJQ,"Lung cancer, number of male deaths",Health,"Cancer, male",IARC,http://www-dep.iarc.fr/
phAwcNAVuyj1ImYURLRHPRA,"Prostate cancer, number of male deaths",Health,"Cancer, male",IARC,http://www-dep.iarc.fr/
phAwcNAVuyj2NmCvOcsjpag,"Stomach cancer, number of male deaths",Health,"Cancer, male",IARC,http://www-dep.iarc.fr/
phAwcNAVuyj3XYThRy0yJMA,Total health spending (% of GDP),Health,Health Economics, Global Health Expenditure Database modified,http://apps.who.int/nha/database/DataExplorer.aspx?ws=0&d=1
pyj6tScZqmEcJI3KBJnrlDQ,Government share of total health spending (%),Health,Health Economics,WHO Global Health Expenditure Database,http://apps.who.int/nha/database/PreDataExplorer.aspx?d=1
pyj6tScZqmEcXBFxQw8cFaw,Private share of total health spending (%),Health,Health Economics,WHO Global Health Expenditure Database,http://apps.who.int/nha/database/PreDataExplorer.aspx?d=1
tXf6_OUYVmyEMZo0g4DQw6w,Out-of-pocket share of total health spending (%),Health,Health Economics,Global Health Expenditure Database,http://apps.who.int/nha/database/DataExplorer.aspx?ws=0&d=1
pyj6tScZqmEd7K-YgYOkGFQ,Government health spending of total gov. spending (%),Health,Health Economics,WHO Global Health Expenditure Database,http://apps.who.int/nha/database/PreDataExplorer.aspx?d=1
tR3MM-UTZ0B44BKxxWeAZaQ,Total health spending per person (international $),Health,Health Economics,WHO Global Health Expenditure Database,http://apps.who.int/nha/database/DataExplorer.aspx?ws=0&d=1
tZ3uHUdw0H__Siyj78GXsGg,Government health spending per person (international $),Health,Health Economics,WHO Global Health Expenditure Database,http://apps.who.int/nha/database/PreDataExplorer.aspx?d=1
pyj6tScZqmEeL79qOoKtofQ,Total health spending per person (US$),Health,Health Economics,WHO Global Health Expenditure Database,http://apps.who.int/nha/database/PreDataExplorer.aspx?d=1
tBwBBkViOJoycBhLnWHqwSQ,Government health spending per person (US$),Health,Health Economics,WHO Global Health Expenditure Database,http://apps.who.int/nha/database/PreDataExplorer.aspx?d=1
phAwcNAVuyj2yo1IzJQmbZg,"Medical Doctors (per 1,000 people)",Health,Health Economics,World development indicators modified,http://data.worldbank.org/indicator/SH.MED.PHYS.ZS
pyj6tScZqmEe1GaiYJX2qGA,"People living with HIV (number, all ages)",Health,HIV,Based on UNAIDS,http://www.gapminder.org/gapminder-world/documentation/gd006
pyj6tScZqmEfbZyl0qjbiRQ,"Adults with HIV (%, age 15-49)",Health,HIV,Based on UNAIDS,http://www.gapminder.org/gapminder-world/documentation/gd006
0ArfEDsV3bBwCdFk2WGhwakxTQkt4NUtTdFJDSlFHQ3c,"Newly HIV infected (number, all ages)",Health,HIV,UNAIDS,http://www.aidsinfoonline.org
0ArfEDsV3bBwCdDREUkRSRDJtQmFNTE1TYmRYX1pFNEE,"Newly HIV infected (%, age 15-49)",Health,HIV,UNAIDS,http://www.aidsinfoonline.org
0ArfEDsV3bBwCdHZJdFBhYVlvck43d1R6ZFYzUWpiLWc,"Annual HIV deaths (number, all ages)",Health,HIV,UNAIDS,http://www.aidsinfoonline.org
0ArfEDsV3bBwCdHMzRDA5Z1RjWkJIWkNfdWNBVFR6b1E,ART coverage % (CD4 < 350),Health,HIV,UNAIDS,http://www.aidsinfoonline.org
pp59adS3CHWcGnFB9pe14OA,"Malaria cases per 100,000 - reported",Health,Malaria,World Health Organization,http://www.who.int/globalatlas/dataQuery/default.asp
pp59adS3CHWfGZUVJ2L-dCw,"Malaria deaths per 100,000 - reported",Health,Malaria,World Health Organization,http://www.who.int/globalatlas/dataQuery/default.asp
pp59adS3CHWczfPHQMiqxCg,Malaria number of cases - reported,Health,Malaria,World Health Organization,http://www.who.int/globalatlas/dataQuery/default.asp
pp59adS3CHWfZGL9qouvTbQ,Malaria number of deaths - reported,Health,Malaria,World Health Organization,http://www.who.int/globalatlas/dataQuery/default.asp
0AkBd6lyS3EmpdF9OQ2dSSG5nNFhpS3RnRVZHUzZMb3c,Births attended by skilled health staff (% of total),Health,Maternal health,World Bank,http://data.worldbank.org/indicator/SH.STA.BRTC.ZS
0AkBd6lyS3EmpdFp2OENYMUVKWnY1dkJLRXAtYnI3UVE,Contraceptive use (% of women ages 15-49),Health,Maternal health,World Bank,http://data.worldbank.org/indicator/SP.DYN.CONU.ZS
pyj6tScZqmEcVezxiMlWaRw,"Maternal mortality ratio (per 100,000 live births)",Health,Maternal health,Various sources,http://www.gapminder.org/data/documentation/gd010/
tOJs331rbt36sNBXE8g5AUg,"Maternal deaths, total number",Health,Maternal health,various sources,http://www.gapminder.org/data/documentation/gd010/
t2ha4jg1M70Le8CH3wHcPIQ,"Maternal deaths, lifetime risk (per 1,000)",Health,Maternal health,Unicef (Childinfo),http://www.childinfo.org/maternal_mortality_countrydata.php
tgJHpDEY4S7hxJpELGJueWA,"Stillbirths (per 1,000 births)",Health,Maternal health,Stanton etal with additions,http://spreadsheets.google.com/pub?key=0ArfEDsV3bBwCdGdKSHBERVk0UzdoeEpwRUxHSnVlV0E&gid=1
troMumuI0Y6Phpwnj6qXa_A,"Suicide (per 100,000 people)",Health,Mental health,WHO modified,http://spreadsheets.google.com/pub?key=troMumuI0Y6Phpwnj6qXa_A&gid=1
0AkBd6lyS3EmpdGhpWDY5QVlOdUxpVGhaMVlUOE9iX0E,"Malnutrition, weight for age (% of children under 5)",Health,Nutrition,World Bank,http://data.worldbank.org/indicator/SH.STA.MALN.ZS
phAwcNAVuyj2sdmdhX9zuKg,Sugar per person (g per day),Health,Nutrition,FAO modified,http://faostat.fao.org/site/609/DesktopDefault.aspx?PageID=609#cible
0ArfEDsV3bBwCdGlYVVpXX20tbU13STZyVG0yNkRrZnc,Food supply (kilocalories / person & day),Health,Nutrition,FAO modified,http://spreadsheets.google.com/pub?key=0ArfEDsV3bBwCdGlYVVpXX20tbU13STZyVG0yNkRrZnc&gid=1
0AgogXXPMARyldGJqTDRfNHBWODJMRWlZaVhNclhNZXc,Alcohol consumption per adult 15+ (litres),Health,Risk factors,WHO with additions,www.who.int
tRccVp7QMaCXMv19CcxERaA,Smoking adults (% of population over age 15),Health,Risk factors,Based on WHOSIS data 2005,http://apps.who.int/whosis/data/Search.jsp?countries=[Location].Members
thortPEzDn2xc_5bU255mPA,Smoking women (% of women over age 15) ,Health,Risk factors,Based on WHOSIS data 2005,http://apps.who.int/whosis/data/Search.jsp?countries=[Location].Members
t60tpjxpWq3Bm-nBOvSm3og,Smoking men (% of men over age 15) ,Health,Risk factors,Based on WHOSIS data 2005,http://apps.who.int/whosis/data/Search.jsp?countries=[Location].Members
0ArfEDsV3bBwCdF9saE1pWUNYVkVsNU1FdW1Yem81Nmc,"Body Mass Index (BMI), men, Kg/m2",Health,Risk factors,MRC-HPA Centre for Environment and Health,http://www.imperial.ac.uk/medicine/globalmetabolics/
0ArfEDsV3bBwCdGt0elo2dzJMVVQ3WmFGSmdhc09LRlE,"Body Mass Index (BMI), women, Kg/m2",Health,Risk factors,MRC-HPA Centre for Environment and Health,http://www.imperial.ac.uk/medicine/globalmetabolics/
0ArfEDsV3bBwCdHNwRm9DN1FnT3hXWWZVSncxMkZyS2c,"Blood pressure (SBP), men, mmHg",Health,Risk factors,MRC-HPA Centre for Environment and Health,http://www.imperial.ac.uk/medicine/globalmetabolics/
0ArfEDsV3bBwCdHBzUVVSMDlTX1ZCUnNJQ3ZFdkFXVFE,"Blood pressure (SBP), women, mmHg",Health,Risk factors,MRC-HPA Centre for Environment and Health,http://www.imperial.ac.uk/medicine/globalmetabolics/
0ArfEDsV3bBwCdDU5SnRoQ0xlZWhwRUZ6RFNQV042enc,"Cholesterol (fat) in blood, men, mmol/L",Health,Risk factors,MRC-HPA Centre for Environment and Health,http://www.imperial.ac.uk/medicine/globalmetabolics/
0ArfEDsV3bBwCdGJHcHZkSUdBcU56aS1OT3lLeU4tRHc,"Cholesterol (fat) in blood, women, mmol/L",Health,Risk factors,MRC-HPA Centre for Environment and Health,http://www.imperial.ac.uk/medicine/globalmetabolics/
rVyfxaPK4dJ9B6ZdgG34F-g,"Infectious TB, new cases per 100,000 - estimated",Health,TB (tuberculosis),World Health Organization,http://www.who.int/globalatlas/dataQuery/default.asp
r0pD5wznwEUJ0ipdxAWQjiA,"Infectious TB, new cases per 100,000 - reported",Health,TB (tuberculosis),World Health Organization,http://www.who.int/globalatlas/dataQuery/default.asp
rOPfJcbTTIyS-vxDWbkfNLA,"Infectious TB, number of new cases - estimated",Health,TB (tuberculosis),World Health Organization,http://www.who.int/globalatlas/dataQuery/default.asp
rcbx0R-TXbkqRCyvKzn08fg,"Infectious TB, number of new cases - reported",Health,TB (tuberculosis),World Health Organization,http://www.who.int/globalatlas/dataQuery/default.asp
rDb6EYc4YUTBRfXlBvjHYlg,"Infectious TB, detection rate (%)",Health,TB (tuberculosis),World Health Organization,http://www.who.int/globalatlas/dataQuery/default.asp
rjGHot8B6YSt3kPYEG8nANA,"Infectious TB, detection rate (%) - DOTS only",Health,TB (tuberculosis),World Health Organization,http://www.who.int/globalatlas/dataQuery/default.asp
rewICFMTvBuer8UoJIK0yUg,"Infectious TB, treatment (DOTS) completed (%)",Health,TB (tuberculosis),World Health Organization,http://www.who.int/globalatlas/dataQuery/default.asp
rKfjGaPxqirPDe8gnTVKuIw,TB programme (DOTS) population coverage (%),Health,TB (tuberculosis),World Health Organization,http://www.who.int/globalatlas/dataQuery/default.asp
rMsQHawTObBb6_U2ESjKXYw,"All forms of TB, new cases per 100,000 - estimated",Health,TB (tuberculosis),World Health Organization,http://www.who.int/globalatlas/dataQuery/default.asp
rZNoyaocUmUGuFyRgjJUpig,"All forms of TB, existing cases per 100,000 - estimated",Health,TB (tuberculosis),World Health Organization,http://www.who.int/globalatlas/dataQuery/default.asp
rWM9yEzjpGJvcJlUAIm35tA,"All forms of TB, deaths per 100,000 - estimated",Health,TB (tuberculosis),World Health Organization,http://www.who.int/globalatlas/dataQuery/default.asp
rYICvtvVz28fVyQuG_ote2w,"All forms of TB, new cases per 100,000 - reported",Health,TB (tuberculosis),World Health Organization,http://www.who.int/globalatlas/dataQuery/default.asp
rhZayTbvH3ZLlSN64OuRYFg,"All forms of TB, number of new cases - estimated",Health,TB (tuberculosis),World Health Organization,http://www.who.int/globalatlas/dataQuery/default.asp
rOCGMcGcrZs-dfeTEC792ZQ,"All forms of TB, number of existing cases - estimated",Health,TB (tuberculosis),World Health Organization,http://www.who.int/globalatlas/dataQuery/default.asp
rrQ_y5fqQPlznp5mJGXWr-A,"All forms of TB, number of deaths - estimated",Health,TB (tuberculosis),World Health Organization,http://www.who.int/globalatlas/dataQuery/default.asp
r5UikGjnZlemlelKY0NX9Pg,"All forms of TB, number of new cases - reported",Health,TB (tuberculosis),World Health Organization,http://www.who.int/globalatlas/dataQuery/default.asp
ru195-zJ0rsx5axPIvm_bRA,"All forms of TB, detection rate (%) ",Health,TB (tuberculosis),World Health Organization,http://www.who.int/globalatlas/dataQuery/default.asp
rutVwqgB14uRV_f2dRbqhUA,"All forms of TB, detection rate (%) - DOTS only",Health,TB (tuberculosis),World Health Organization,http://www.who.int/globalatlas/dataQuery/default.asp
rRCxDI3hB9E9zvc8qSe11qg,"TB with HIV+, new cases per 100,000 - estimated",Health,TB (tuberculosis),World Health Organization,http://www.who.int/globalatlas/dataQuery/default.asp
rQV47xgPGa3qOPHoLiVon-w,"TB with HIV+, existing cases per 100,000 - estimated",Health,TB (tuberculosis),World Health Organization,http://www.who.int/globalatlas/dataQuery/default.asp
rUBCConMMLm9CxPXUGm325A,"TB with HIV+, deaths per 100,000 - estimated",Health,TB (tuberculosis),World Health Organization,http://www.who.int/globalatlas/dataQuery/default.asp
rERPF4iYruK0DhAw_0tb5nA,"TB with HIV+, number of new cases - estimated",Health,TB (tuberculosis),World Health Organization,http://www.who.int/globalatlas/dataQuery/default.asp
reiGJwoabnMOrPeFima_9ng,"TB with HIV+, number of existing cases - estimated",Health,TB (tuberculosis),World Health Organization,http://www.who.int/globalatlas/dataQuery/default.asp
rFAkC0Ae7oXxrVqosJ4NWUA,"TB with HIV+, number of deaths - estimated",Health,TB (tuberculosis),World Health Organization,http://www.who.int/globalatlas/dataQuery/default.asp
phAwcNAVuyj3Os9LVO_pRDA,Bad teeth per child (12 yr),Health,Teeth,WHO modified,http://www.whocollab.od.mah.se/countriesalphab.html
txVTyScWObTBNuMmkNtLh1w,DTP3 immunized (% of one-year-olds),Health,Vaccine,UNICEF Childinfo,http://www.childinfo.org/immunization.html
t7pU8fR9_ZzRFIMF3FX47YQ,HepB3 immunized (% of one-year-olds),Health,Vaccine,UNICEF Childinfo,http://www.childinfo.org/immunization.html
thClNiXoQqfJDzTv0SYIHZg,Hib3 immunized (% of one-year-olds),Health,Vaccine,UNICEF Childinfo,http://www.childinfo.org/immunization.html
pyj6tScZqmEenS18Yjl_SOQ,MCV immunized (% of one-year-olds),Health,Vaccine,UNICEF Childinfo,http://www.childinfo.org/immunization.html
tnvxVX8aOAl0dwDNujbELPQ,PAB immunized (% of newborns),Health,Vaccine,UNICEF Childinfo,http://www.childinfo.org/immunization.html
0AkBd6lyS3EmpdEpMTHBoMmNzcDVCNVRHWE5zSVJVRHc,Broadband subscribers (total),Infrastructure,Communication,World Bank,http://data.worldbank.org/indicator/IT.NET.BBND
0AkBd6lyS3EmpdHdmMGVNNnV1SHBONDRTdTJzTVBKQXc,Broadband subscribers (per 100 people),Infrastructure,Communication,World Bank,http://data.worldbank.org/indicator/IT.NET.BBND.P2
0AkBd6lyS3EmpdEhWLWtqNzljbWg4ZXV6M09JQXNGaUE,Cell phones (total),Infrastructure,Communication,World Bank,http://data.worldbank.org/indicator/IT.CEL.SETS
0AkBd6lyS3EmpdG1MSjEyS0h2QjRQZ3FXRVR2dVQyeFE,Cell phones (per 100 people),Infrastructure,Communication,World Bank,http://data.worldbank.org/indicator/IT.CEL.SETS.P2
pyj6tScZqmEcfLoOcU6GAfg,Fixed line and mobile phone subscribers (per 100 people),Infrastructure,Communication,World Development Indicators,http://go.worldbank.org/U0FSM7AQ40
0AkBd6lyS3EmpdC1PcWJUZldDelFyQXdaOEtDUG9HSUE,Internet users (total),Infrastructure,Communication,World Bank,http://data.worldbank.org/indicator/IT.NET.USER
0AkBd6lyS3EmpdGwzSGV5OE9FOGhURlhTdEQtMW1TNkE,Internet users (per 100 people),Infrastructure,Communication,World Bank,http://data.worldbank.org/indicator/IT.NET.USER.P2
pyj6tScZqmEfUXdC83YSzfw,Personal computers (total),Infrastructure,Communication,UN data,"http://data.un.org/Data.aspx?q=personal+computer&d=MDG&f=seriesRowID:606&c=2,3,4&s=countryEnglishName:asc,year:desc&v=1"
pyj6tScZqmEdFW4nUY4gQdA,Personal computers (per 100 people),Infrastructure,Communication,UN data,"http://data.un.org/Data.aspx?q=personal+computer&d=MDG&f=seriesRowID:607&c=2,3,4&s=countryEnglishName:asc,year:desc&v=1"
0ArfEDsV3bBwCdE4tekJPYkR4WmJqYTRPWjc3OTl4WUE,"Improved sanitation, overall access (%)",Infrastructure,Sanitation,World Bank,http://data.worldbank.org/indicator/SH.STA.ACSN
pyj6tScZqmEfLbPu48DrKfQ,"Improved sanitation, urban access (%)",Infrastructure,Sanitation,World Bank,http://data.worldbank.org/indicator/SH.STA.ACSN.UR
0ArfEDsV3bBwCdFNPMTE3d3FHTHdYaGFMXzJyNDBGd3c,"Improved sanitation, rural access (%)",Infrastructure,Sanitation,World Bank,http://data.worldbank.org/indicator/SH.STA.ACSN.RU
0AkBd6lyS3EmpdDBKd2V5VmxkYlJuUHAtOURzUkZzNEE,"Roads, paved (% of total roads)",Infrastructure,Traffic,World Bank,http://data.worldbank.org/indicator/IS.ROD.PAVE.ZS
pyj6tScZqmEd98lRwrU3gIg,"Improved water source, overall access (%)",Infrastructure,Water,MDG indicators,http://mdgs.un.org/unsd/mdg/Data.aspx
0ArfEDsV3bBwCdDlJNzNjcVc5Sm9memNuVHRzY1FsOXc,"Improved water source, urban access (%)",Infrastructure,Water,MDG indicators,http://mdgs.un.org/unsd/mdg/Data.aspx
0ArfEDsV3bBwCdFhhVzhXUEh0U0hlQ3M3TTZIQTFySUE,"Improved water source, rural access (%)",Infrastructure,Water,MDG indicators,http://mdgs.un.org/unsd/mdg/Data.aspx
rsOONWhmGBtzb4j__0MJv7Q,"Population aged 0-4 years, both sexes (%)",Population,Both sexes by age (%),UN Population Division,http://esa.un.org/unpp/
rC5UskPU6PRVlmN7eXoridw,"Population aged 5-9 years, both sexes (%)",Population,Both sexes by age (%),UN Population Division,http://esa.un.org/unpp/
rmViJSkPd4xZneV2Q6gzFwQ,"Population aged 10-14 years, both sexes (%)",Population,Both sexes by age (%),UN Population Division,http://esa.un.org/unpp/
r4VUu4a4AaWqXXoAsFz-z-Q,"Population aged 15-19 years, both sexes (%)",Population,Both sexes by age (%),UN Population Division,http://esa.un.org/unpp/
rTU20DXn0Bi7bTwW5T6J3gg,"Population aged 20-39 years, both sexes (%)",Population,Both sexes by age (%),UN Population Division,http://esa.un.org/unpp/
rLwpdKbW2OykBbvVxhYKrhA,"Population aged 40-59 years, both sexes (%)",Population,Both sexes by age (%),UN Population Division,http://esa.un.org/unpp/
rH6TEe8f_WNq_8x9pWZ3W0A,"Population aged 60+ years, both sexes (%)",Population,Both sexes by age (%),UN Population Division,http://esa.un.org/unpp/
rovrK0Uj9JPN95P9adob0tw,Population aged 0-4 years (total number),Population,Both sexes by age (total),UN Population Division,http://esa.un.org/unpp/
r83X3yfjC6ENYWoo41yDehg,Population aged 5-9 years (total number),Population,Both sexes by age (total),UN Population Division,http://esa.un.org/unpp/
r9ztOSMb5WNHUBLwlgJqPSw,Population aged 10-14 years (total number),Population,Both sexes by age (total),UN Population Division,http://esa.un.org/unpp/
rFmJvuotJYE30q4nWEvpGJA,Population aged 15-19 years (total number),Population,Both sexes by age (total),UN Population Division,http://esa.un.org/unpp/
rHrin819tHgZudARnpsN0Mg,Population aged 20-39 years (total number),Population,Both sexes by age (total),UN Population Division,http://esa.un.org/unpp/
ri9SXMNc7TpebHucmAYepGQ,Population aged 40-59 years (total number),Population,Both sexes by age (total),UN Population Division,http://esa.un.org/unpp/
rVD6A2uAmeIE0BQNW1KSg3A,Population aged 60+ years (total number),Population,Both sexes by age (total),UN Population Division,http://esa.un.org/unpp/
roLpNPQkooNCFzpTWXQ48Dw,"Population aged 0-4 years, female (%)",Population,Female by age (%),UN Population Division,http://esa.un.org/unpp/
re3efChATTYAT5bRqoaChXA,"Population aged 5-9 years, female (%)",Population,Female by age (%),UN Population Division,http://esa.un.org/unpp/
rJwVmwTFzheqVUzYWwSqXlA,"Population aged 10-14 years, female (%)",Population,Female by age (%),UN Population Division,http://esa.un.org/unpp/
rYEHWlJHaLjHtcsSpRRJeig,"Population aged 15-19 years, female (%)",Population,Female by age (%),UN Population Division,http://esa.un.org/unpp/
rWpQHQIQdntj6BEK8OIuWYw,"Population aged 20-39 years, female (%)",Population,Female by age (%),UN Population Division,http://esa.un.org/unpp/
rElErbmOnSM6om03a1uinKQ,"Population aged 40-59 years, female (%)",Population,Female by age (%),UN Population Division,http://esa.un.org/unpp/
rjhBvpeRgCxBq0EnQVN6b0w,"Population aged 60+ years, female (%)",Population,Female by age (%),UN Population Division,http://esa.un.org/unpp/
rIpDsoI9lVTCh_PRqm66Tcw,"Population aged 0-4 years, male (%)",Population,Male by age (%),UN Population Division,http://esa.un.org/unpp/
rgyZrNmSfXcPJQxJK7IxnEw,"Population aged 5-9 years, male (%)",Population,Male by age (%),UN Population Division,http://esa.un.org/unpp/
rmQZ_H88rIhF3315QBZpcIQ,"Population aged 10-14 years, male (%)",Population,Male by age (%),UN Population Division,http://esa.un.org/unpp/
rYfw4UJZSizLRtgDs73d5jA,"Population aged 15-19 years, male (%)",Population,Male by age (%),UN Population Division,http://esa.un.org/unpp/
rab1GmqpzJkWd4MF0hieVgA,"Population aged 20-39 years, male (%)",Population,Male by age (%),UN Population Division,http://esa.un.org/unpp/
rcQkob1yAm-to1scz51flgw,"Population aged 40-59 years, male (%)",Population,Male by age (%),UN Population Division,http://esa.un.org/unpp/
rSkhGgUVN74knEhSAhBSSKA,"Population aged 60+ years, male (%)",Population,Male by age (%),UN Population Division,http://esa.un.org/unpp/
0AkBd6lyS3EmpdFY5Z0QzTzRRbzJ1VXdqdGVyNE0tcFE,Population growth (annual %),Population,Population growth,World Bank,http://data.worldbank.org/indicator/SP.POP.GROW
tUSeGJOQhafugwUvHvY-wLA,"Crude birth rate (births per 1,000 population)",Population,Population growth,UN Population Division,http://esa.un.org/peps/index.htm
tHyj-2jRvK3CCNJOc5Vm-HQ,"Crude death rate (deaths per 1,000 population)",Population,Population growth,UN Population Division,http://esa.un.org/peps/index.htm
pyj6tScZqmEdIphYUHxcdLg,"Teen fertility rate (births per 1,000 women ages 15-19)",Population,Population growth,Various sources,http://spreadsheets.google.com/pub?key=0Auk0ddvGIrGqcHlqNnRTY1pxbUVkSXBoWVVIeGNkTGc&gid=1
0ArfEDsV3bBwCdERQeFplM2VWczVrMTFfMXVrQkJpVXc,"New births (total number, estimated)",Population,Population growth,Based on UN Population Division,Not Found.
tAQ31_cAELrHqNc2qa13uHw,Sex ratio (all age groups),Population,Sex ratio,UN Population Division,http://esa.un.org/peps/index.htm
tfWSVJPJHn3u7e_7MUaCbnw,Sex ratio (0-14 years),Population,Sex ratio,UN Population Division,http://esa.un.org/peps/index.htm
ta-Da73B_Z7lKOZo8o-Ykvw,Sex ratio (15-24 years),Population,Sex ratio,UN Population Division,http://esa.un.org/peps/index.htm
tF_P_4G0g5bR3lYmQT9Tv4w,Sex ratio (15-49 years),Population,Sex ratio,UN Population Division,http://esa.un.org/peps/index.htm
tQP1KnoWcjjtz3wmq0bnGNA,Sex ratio (above 50 years),Population,Sex ratio,UN Population Division,http://esa.un.org/peps/index.htm
pyj6tScZqmEdwXv1tqzV4Xg,Population in urban agglomerations > 1 million (% of total population),Population,Urbanization,World Bank,http://data.worldbank.org/indicator/EN.URB.MCTY.TL.ZS
pyj6tScZqmEfH89V6UQhpZA,Urban population,Population,Urbanization,World Bank,http://data.worldbank.org/indicator/SP.URB.TOTL
phAwcNAVuyj0-LE4StzCsEw,Urban population (% of total),Population,Urbanization,World Bank,http://data.worldbank.org/indicator/SP.URB.TOTL.IN.ZS
pyj6tScZqmEcRJEN8MyV3PQ,Urban population growth (annual %),Population,Urbanization,World Bank,http://data.worldbank.org/indicator/SP.URB.GROW
phAwcNAVuyj2biT80zgTsYQ,Children and elderly (per 100 adults),Population,,UN data,"http://data.un.org/Data.aspx?q=Total+dependency+ratio+(per+cent)&d=PopDiv&f=variableID:42&c=2,4,6,7&s=_crEngNameOrderBy:asc,_timeEngNameOrderBy:desc,_varEngNameOrderBy:asc&v=1"
tH113JLeGr5DhWgtqN2FxWg,Median age (years),Population,,UN Population Division,http://esa.un.org/peps/index.htm
tVY51lNaCL9m9xPqf29oFAA,Population density (per square km),Population,,UN Population Division,http://esa.un.org/unpd/wpp/Excel-Data/population.htm
phAwcNAVuyj0XOoBL_n5tAQ,"Population, total",Population,,Various sources,http://spreadsheets.google.com/pub?key=phAwcNAVuyj0XOoBL_n5tAQ&gid=1
t4eF8H_jq_xyKCUHAX6VT1g,Age at 1st marriage (women),Population,,Various sources,http://spreadsheets.google.com/pub?key=t4eF8H_jq_xyKCUHAX6VT1g&gid=1
tZgPgT_sx3VdAuyDxEzenYA,"Murder (per 100,000 people)",Society,,Various sources,http://spreadsheets.google.com/pub?key=tZgPgT_sx3VdAuyDxEzenYA&gid=1
tKOphM3UPRd94T6C6pmsuXw,Corruption Perception Index (CPI),Society,,Transparency International,http://www.transparency.org/policy_research/surveys_indices/cpi/2009/cpi_2009_table
0ArfEDsV3bBwCdGQ2YlhDSWVIdXdpMmhLY2ZZRHdNNnc,Democracy score (use as color),Society,,Polity IV project,https://spreadsheets0.google.com/pub?hl=en&hl=en&key=0ArfEDsV3bBwCdGQ2YlhDSWVIdXdpMmhLY2ZZRHdNNnc&output=html&gid=1
tyadrylIpQ1K_iHP407374Q,HDI (Human Development Index),Society,,UNDP,http://hdrstats.undp.org/en/indicators/103106.html
rzFD5mOuB5mR7-vLoP04LAQ,Agriculture workers (% of labour force),Work,Employment by sector,International Labour Organization,http://www.ilo.org/public/english/employment/strat/kilm/download.htm
rqcJTExcUqNdolB-7flqebQ,Industry workers (% of labour force),Work,Employment by sector,International Labour Organization,http://www.ilo.org/public/english/employment/strat/kilm/download.htm
r4orIwujZpT-z3Exd_9ARpQ,Service workers (% of labour force),Work,Employment by sector,International Labour Organization,http://www.ilo.org/public/english/employment/strat/kilm/download.htm
rraOr_PTB0jcQ60TagEH_WQ,Female agriculture workers (% of female labour force),Work,Employment by sector,International Labour Organization,http://www.ilo.org/public/english/employment/strat/kilm/download.htm
rA5BvUGX_Es43DaKb3FidUg,Female industry workers (% of female labour force),Work,Employment by sector,International Labour Organization,http://www.ilo.org/public/english/employment/strat/kilm/download.htm
r1B3mjfpBItUmvrhqaRgTWQ,Female service workers (% of female labour force),Work,Employment by sector,International Labour Organization,http://www.ilo.org/public/english/employment/strat/kilm/download.htm
rtt_ihBgyYafmDJpThQecoA,Male agriculture workers (% of male labour force),Work,Employment by sector,International Labour Organization,http://www.ilo.org/public/english/employment/strat/kilm/download.htm
rmLnlLnnm2kjBbNsBZYxqow,Male industry workers (% of male labour force),Work,Employment by sector,International Labour Organization,http://www.ilo.org/public/english/employment/strat/kilm/download.htm
ravxsZdBslM5zF5HwDsX30g,Male service workers (% of male labour force),Work,Employment by sector,International Labour Organization,http://www.ilo.org/public/english/employment/strat/kilm/download.htm
rW7k_DdDKlGgJhzYRuNvguw,Family workers (% of labour force),Work,Employment by status,International Labour Organization,http://www.ilo.org/public/english/employment/strat/kilm/download.htm
rcO6CXqmEjV-wS-29qejCpw,Salaried workers (% of labour force),Work,Employment by status,International Labour Organization,http://www.ilo.org/public/english/employment/strat/kilm/download.htm
rSrvaPPzWvOyTMb9_dfJDtQ,Self-employed (% of labour force),Work,Employment by status,International Labour Organization,http://www.ilo.org/public/english/employment/strat/kilm/download.htm
rjFKVVoWIVbTgdtJK2xOZqQ,Female family workers (% of female labour force),Work,Employment by status,International Labour Organization,http://www.ilo.org/public/english/employment/strat/kilm/download.htm
rhuyv42EAyApMwy4tDYm3XQ,Female salaried workers (% of female labour force),Work,Employment by status,International Labour Organization,http://www.ilo.org/public/english/employment/strat/kilm/download.htm
rIe2Y4f4Ehde4I4BGPN2VBg,Female self-employed (% of female labour force),Work,Employment by status,International Labour Organization,http://www.ilo.org/public/english/employment/strat/kilm/download.htm
rJMlhr2YOvL2EE5NhpbfYAg,Male family workers (% of male labour force),Work,Employment by status,International Labour Organization,http://www.ilo.org/public/english/employment/strat/kilm/download.htm
riwXFQrsUhb96BT2yFC9rFw,Male salaried workers (% of male labour force),Work,Employment by status,International Labour Organization,http://www.ilo.org/public/english/employment/strat/kilm/download.htm
raAOA9AFRPzq5ilAm5Qa65Q,Male self-employed (% of male labour force),Work,Employment by status,International Labour Organization,http://www.ilo.org/public/english/employment/strat/kilm/download.htm
rfHz_nx27dDQo4dUoIeVT3A,Aged 15-24 employment rate (%),Work,Employment rate,International Labour Organization,http://www.ilo.org/public/english/employment/strat/kilm/download.htm
rV0ksExNqh6V_h40f0_nFjg,Aged 15+ employment rate (%),Work,Employment rate,International Labour Organization,http://www.ilo.org/public/english/employment/strat/kilm/download.htm
rRS0FbArN8jYsY25X-ZiU9A,Females aged 15-24 employment rate (%),Work,Employment rate,International Labour Organization,http://www.ilo.org/public/english/employment/strat/kilm/download.htm
rOXvRa2ZC2oXqBn7gz62IMg,Females aged 15+ employment rate (%),Work,Employment rate,International Labour Organization,http://www.ilo.org/public/english/employment/strat/kilm/download.htm
rCyfwvThkbHVlNVw48vHybg,Males aged 15-24 employment rate (%),Work,Employment rate,International Labour Organization,http://www.ilo.org/public/english/employment/strat/kilm/download.htm
rTRt7Z5m9i9D9-vvipvdx2w,Males aged 15+ employment rate (%),Work,Employment rate,International Labour Organization,http://www.ilo.org/public/english/employment/strat/kilm/download.htm
rx1TECfEnGlnomonxCCO-Aw,Aged 15-64 labour force participation rate (%),Work,Labour force participation,International Labour Organization,http://www.ilo.org/public/english/employment/strat/kilm/download.htm
rTrB-PY0sfM_gdAQ20XovfA,Aged 25-54 labour force participation rate (%),Work,Labour force participation,International Labour Organization,http://www.ilo.org/public/english/employment/strat/kilm/download.htm
ryyQX_1TXlohXWOSUswhIKg,Aged 15+ labour force participation rate (%),Work,Labour force participation,International Labour Organization,http://www.ilo.org/public/english/employment/strat/kilm/download.htm
r1hlZB_n1rpXTij11Kw7lTQ,Aged 65+ labour force participation rate (%),Work,Labour force participation,International Labour Organization,http://www.ilo.org/public/english/employment/strat/kilm/download.htm
rLRScmH2JZmjxsCGW2LB1cA,Females aged 15-64 labour force participation rate (%),Work,Labour force participation,International Labour Organization,http://www.ilo.org/public/english/employment/strat/kilm/download.htm
rgdYcit5cC0wxcLAQf9kJ_Q,Females aged 25-54 labour force participation rate (%),Work,Labour force participation,International Labour Organization,http://www.ilo.org/public/english/employment/strat/kilm/download.htm
rZyHDNFsPBn7cqZCIzDQtIg,Females aged 15+ labour force participation rate (%),Work,Labour force participation,International Labour Organization,http://www.ilo.org/public/english/employment/strat/kilm/download.htm
rEZ0xOSmU7UuX7iOyL0Xp3g,Females aged 65+ labour force participation rate (%),Work,Labour force participation,International Labour Organization,http://www.ilo.org/public/english/employment/strat/kilm/download.htm
rB4P-M5oVWuv9CyQ5s1mvOA,Males aged 15-64 labour force participation rate (%),Work,Labour force participation,International Labour Organization,http://www.ilo.org/public/english/employment/strat/kilm/download.htm
rj102tw9R1O_d56Uw_eqBzg,Males aged 25-54 labour force participation rate (%),Work,Labour force participation,International Labour Organization,http://www.ilo.org/public/english/employment/strat/kilm/download.htm
rImcpLhokI0fXWNA-2nSWFw,Males aged 15+ labour force participation rate (%),Work,Labour force participation,International Labour Organization,http://www.ilo.org/public/english/employment/strat/kilm/download.htm
r_hbrX2qsjHphzAAlwsxhRA,Males aged 65+ labour force participation rate (%),Work,Labour force participation,International Labour Organization,http://www.ilo.org/public/english/employment/strat/kilm/download.htm
rb0oP4d1BREXa8xMIUf4NZg,Aged 15-24 unemployment rate (%),Work,Unemployment,International Labour Organization,http://www.ilo.org/public/english/employment/strat/kilm/download.htm
rEMA-cbNPaOtpDyxTcwugnw,Aged 25-54 unemployment rate (%),Work,Unemployment,International Labour Organization,http://www.ilo.org/public/english/employment/strat/kilm/download.htm
rlD36wGmkwFt3ED558waCTQ,Aged 15+ unemployment rate (%),Work,Unemployment,International Labour Organization,http://www.ilo.org/public/english/employment/strat/kilm/download.htm
rNn0y3e0bCpaqTM_8BVZBdg,Aged 55+ unemployment rate (%),Work,Unemployment,International Labour Organization,http://www.ilo.org/public/english/employment/strat/kilm/download.htm
rCRqVXC95LeKm_EvLrFNXKw,Long term unemployment rate (%),Work,Unemployment,International Labour Organization,http://www.ilo.org/public/english/employment/strat/kilm/download.htm
rMf--YMvuEKf2LVppT63Xvw,"Females aged 15-24, unemployment rate (%)",Work,Unemployment,International Labour Organization,http://www.ilo.org/public/english/employment/strat/kilm/download.htm
r9StWVETzyX9Lv-r4-2sh6w,"Females aged 25-54, unemployment rate (%)",Work,Unemployment,International Labour Organization,http://www.ilo.org/public/english/employment/strat/kilm/download.htm
rcHjAQAzF2e1yR1R-hywCEw,"Females aged 15+, unemployment rate (%)",Work,Unemployment,International Labour Organization,http://www.ilo.org/public/english/employment/strat/kilm/download.htm
rz8kJ7CIyckuQAWgHUHe4sA,"Females aged 55+, unemployment rate (%)",Work,Unemployment,International Labour Organization,http://www.ilo.org/public/english/employment/strat/kilm/download.htm
rT5EpK40a19zVodp1HV1xGw,Female long term unemployment rate (%),Work,Unemployment,International Labour Organization,http://www.ilo.org/public/english/employment/strat/kilm/download.htm
rGS7_GpdXrYyjhKkAFcLHGA,"Males aged 15-24, unemployment rate (%)",Work,Unemployment,International Labour Organization,http://www.ilo.org/public/english/employment/strat/kilm/download.htm
rjkDFSPV2pw9Pbnz2kpiqPQ,"Males aged 25-54, unemployment rate (%)",Work,Unemployment,International Labour Organization,http://www.ilo.org/public/english/employment/strat/kilm/download.htm
r5_68IYi0bC1bRjGMFYFk8g,"Males aged 15+, unemployment rate (%)",Work,Unemployment,International Labour Organization,http://www.ilo.org/public/english/employment/strat/kilm/download.htm
rSMPg9BmVRsqE8_k1ARUudA,"Males aged 55+, unemployment rate (%)",Work,Unemployment,International Labour Organization,http://www.ilo.org/public/english/employment/strat/kilm/download.htm
rezDaYxOOBEFgR4TiPN9qtw,Male long term unemployment rate (%),Work,Unemployment,International Labour Organization,http://www.ilo.org/public/english/employment/strat/kilm/download.htm
p8SIY47PNEw6pJRPAS1tXPQ,"Under-five mortality from CME (per 1,000 born)",For advanced users,Alternative child mortality data,CME (Child Mortality Estimates Info),http://www.childmortality.org/
p8SIY47PNEw4TgTkrmIVIXA,"Under-five mortality from IHME (per 1,000 born)",For advanced users,Alternative child mortality data,Institute for Health Metrics and Evaluation,http://www.healthmetricsandevaluation.org
phAwcNAVuyj0npaJxInyYDg,Old version of Income per person (version 3),For advanced users,Alternative GDP data,Various sources,http://spreadsheets.google.com/pub?key=phAwcNAVuyj0npaJxInyYDg&gid=1
0ArfEDsV3bBwCdE5xWmcyYVZJQzJvOFpZUklqX3lkSkE,Old version of Income per person (version 8),For advanced users,Alternative GDP data,Various sources,http://spreadsheets.google.com/pub?key=0ArfEDsV3bBwCdE5xWmcyYVZJQzJvOFpZUklqX3lkSkE&gid=1
tSUr_yZVbM6a3AGJEq_Z2Pw,"Alternative GDP/capita (PPP$, inflation-adjusted) from PWT",For advanced users,Alternative GDP data,PWT 6.2,http://pwt.econ.upenn.edu/php_site/pwt62/pwt62_form.php
0ArfEDsV3bBwCdGlGLVd4OGVfcVdScVBSS0JLVHpiMlE,Subsistence incomes per person,For advanced users,Alternative GDP data,Various sources,http://spreadsheets.google.com/pub?key=0ArfEDsV3bBwCdGlGLVd4OGVfcVdScVBSS0JLVHpiMlE&gid=1
pyj6tScZqmEd1R9UmohEIaA,Alternative poverty (% below nationally defined poverty line),For advanced users,Alternative poverty measures,The World Bank,http://go.worldbank.org/B53SONGPA0
phAwcNAVuyj0atjJIuxy-KQ,Data quality - Income per person,For advanced users,Data quality (use as color),Various sources,http://spreadsheets.google.com/pub?key=phAwcNAVuyj0atjJIuxy-KQ&gid=1
p8SIY47PNEw6vGCNzlYJ5eA,Data quality - Life expectancy,For advanced users,Data quality (use as color),Various sources,http://spreadsheets.google.com/pub?key=p8SIY47PNEw6vGCNzlYJ5eA&gid=1
phAwcNAVuyj1ONZlWMf9KQA,Data quality - Population,For advanced users,Data quality (use as color),Various sources,http://spreadsheets.google.com/pub?key=phAwcNAVuyj1ONZlWMf9KQA&gid=1
p8SIY47PNEw4vx1GOsJM7bA,"Estimate or projection of under-five mortality rate, from IHME",For advanced users,Data quality (use as color),Institute for Health Metrics and Evaluation,http://www.healthmetricsandevaluation.org
thlR4hyNMEnaVyV_uxRzjfQ,Data quality - Children per woman,For advanced users,Data quality (use as color),Various sources,http://spreadsheets.google.com/pub?key=thlR4hyNMEnaVyV_uxRzjfQ&gid=1
thDxsgSWvLGW4M1qUBby7OQ,Data method - Maternal mortality,For advanced users,Data quality (use as color),Hill et al,http://spreadsheets.google.com/pub?key=thDxsgSWvLGW4M1qUBby7OQ&gid=1
tkdAnkbHJxPAlRX6P1mAh8w,Economic growth over the past 10 years,For advanced users,Economic growth,Various sources,http://spreadsheets.google.com/pub?key=tkdAnkbHJxPAlRX6P1mAh8w&gid=1
rAIffGKCmiCdzTl1C0AR2nw,How far to the north,For advanced users,Geography and infrastructure,Various sources,http://spreadsheets.google.com/pub?key=rAIffGKCmiCdzTl1C0AR2nw&gid=1
rX3Jfop_ebuY-chuMpCgmRg,"Income per person, with projections",For advanced users,Projections,Various sources,http://spreadsheets.google.com/pub?key=rX3Jfop_ebuY-chuMpCgmRg&gid=1
tiAiXcrneZrUnnJ9dBU-PAw,"Life expectancy at birth, with projections",For advanced users,Projections,Various sources,http://spreadsheets.google.com/pub?key=phAwcNAVuyj2tPLxKvvnNPA&gid=1
tGdhNYGTGtunwzkKJ9aRhsA,"Children per woman (total fertility), with projections",For advanced users,Projections,various sources,http://www.gapminder.org/downloads/documentation/gd008
tL0jLxFBF9TbXIN_39b1qcQ,"Total population, with projections",For advanced users,Projections,Various sources,https://spreadsheets.google.com/a/gapminder.org/spreadsheet/pub?key=0AkBd6lyS3EmpdEwwakx4RkJGOVRiWElOXzM5YjFxY1E&gid=1
t6nZVbvqsF-BbyheqUxerZQ,"Female population, with projections",For advanced users,Projections,UN Population Division,http://esa.un.org/peps/index.htm
tZMsbTkrY0k4OkkkXEfp6pA,"Male population, with projections",For advanced users,Projections,UN Population Division,http://esa.un.org/peps/index.htm
rZrHzR__kZfmw6L_xUx7cwg,"Population growth (annual %), with projections",For advanced users,Projections,UN Population Division,http://esa.un.org/peps/index.htm
phAwcNAVuyj2t4ep52YXjSg,Year categorization 1820-2010,For advanced users,Years (use as color),Various sources,http://spreadsheets.google.com/pub?key=phAwcNAVuyj2t4ep52YXjSg&gid=1
phAwcNAVuyj02SA7cGjnRbA,Year categorization 1950-,For advanced users,Years (use as color),Various sources,http://spreadsheets.google.com/pub?key=phAwcNAVuyj02SA7cGjnRbA&gid=1
tK87SOy-oZlfW99UDD7L3hw,"Traffic deaths (per 100,000 people)",Infrastructure,Traffic,WHO modified,http://spreadsheets.google.com/pub?key=tK87SOy-oZlfW99UDD7L3hw&gid=1
0AgogXXPMARyldGloTm9wekpDcUdMUjhlYWFKaHdnVWc,"Burns deaths (per 100,000 people)",Health,Injuries and accidents,WHO,www.who.int
0AgogXXPMARyldF9ZRnhuWWljUXJHRDRpb0cyaHNLSUE,"Drownings (per 100,000 people)",Health,Injuries and accidents,WHO,www.who.int
0AgogXXPMARyldEJZajRXMWZPTE9nUXFBNUdPcG5yT2c,"Falls, deaths (per 100,000 people)",Health,Injuries and accidents,WHO,www.who.int
0AgogXXPMARyldGhVLXVsSTB0aDY2eXdLaEt1T0psdXc,"Poisonings, deaths (per 100,000 people)",Health,Injuries and accidents,WHO,www.who.int
tu0H0unnUriNvMXwH_qOqzw,"Cars, trucks & buses per 1,000 persons",Infrastructure,Traffic,World Bank,http://data.worldbank.org/indicator/IS.VEH.NVEH.P3
t4pYrpNzP-JeR7zSjOyDofQ,"Traffic deaths women (per 100,000 people)",For advanced users,"Injury deaths by gender, age, road user",WHO modified,http://www.who.int/violence_injury_prevention/en/
tUaaG6Pu9zT_BVIsLvGLQdA,"Traffic deaths men (per 100,000 people)",For advanced users,"Injury deaths by gender, age, road user",WHO modified,http://www.who.int/violence_injury_prevention/en/
tUD6kmYmB_Bp85SRdEn1Krg,"Suicide women (per 100,000 people)",For advanced users,"Injury deaths by gender, age, road user",WHO modified,http://www.who.int/violence_injury_prevention/en/
tB8ge4cxd8TL7yIV4ALm5NA,"Suicide men (per 100,000 people)",For advanced users,"Injury deaths by gender, age, road user",WHO modified,http://www.who.int/violence_injury_prevention/en/
tyeSLo9Zpmw_e05IR3EoReg,"Murdered women (per 100,000 people)",For advanced users,"Injury deaths by gender, age, road user",WHO modified,http://www.who.int/violence_injury_prevention/en/
tHgVOu-6TYQ6Kig0Ur3Y-kw,"Murdered men (per 100,000 people)",For advanced users,"Injury deaths by gender, age, road user",WHO modified,http://www.who.int/violence_injury_prevention/en/
tLf-4GD5z0QxqsDoUz4vOlg,"Car deaths (per 100,000 people)",For advanced users,"Injury deaths by gender, age, road user",XXX???,www.who.int
t7-m0musxnWbugcQ9ECH4KA,"Motorcycle deaths (per 100,000 people)",For advanced users,"Injury deaths by gender, age, road user",GIMD/WHO,www.who.int
0AgogXXPMARyldC1rcTI5OU50Mnc1djdkNXpnWUFrZmc,"Murdered children 0-14 (per 100,000 people)",For advanced users,"Injury deaths by gender, age, road user",WHO,www.who.int
0AgogXXPMARyldDFGSGhtOWt0cS1JbEIzS29EZzlQRXc,"Murdered 15-29 (per 100,000 people)",For advanced users,"Injury deaths by gender, age, road user",WHO,www.who.int
0AgogXXPMARyldG51d0o2T0JQWXFTMUlydWFsSTZMeFE,"Murdered 30-44, (per 100,000 people)",For advanced users,"Injury deaths by gender, age, road user",WHO,www.who.int
0AgogXXPMARyldElCSWl6TkpaZ1JpcXVxa2tmUGhxbFE,"Murdered 45-59 (per 100,000 people)",For advanced users,"Injury deaths by gender, age, road user",WHO,www.who.int
0AgogXXPMARyldGF1WHhpZFVQTWswclJHdjE3MkZ4c3c,"Murdered 60+ (per 100,000 people)",For advanced users,"Injury deaths by gender, age, road user",WHO,www.who.int
0AgogXXPMARyldGhJdkhTSHNEYTFKQjRrMlBwZXk1TkE,"Suicide age 0-14 (per 100,000 people)",For advanced users,"Injury deaths by gender, age, road user",WHO,www.who.int
0AgogXXPMARyldHNWNkNVR2Zwalc2U04zTjE5MDZlUkE,"Suicide age 15-29 (per 100,000 people)",For advanced users,"Injury deaths by gender, age, road user",WHO,www.who.int
0AgogXXPMARyldG9MeHpzRkNHQmZ4MmtxSnd2Y0o2UFE,"Suicide age 30-44 (per 100,000 people)",For advanced users,"Injury deaths by gender, age, road user",WHO,www.who.int
0AgogXXPMARyldGh2OWd2eVJiUnhScW9tOEtNTFkyQUE,"Suicide age 45-59 (per 100,000 people)",For advanced users,"Injury deaths by gender, age, road user",WHO,www.who.int
0AgogXXPMARyldEVRNFBZS2wzRmtZOWZEZDVZVG05dHc,"Suicide age 60+ (per 100,000 people)",For advanced users,"Injury deaths by gender, age, road user",WHO,www.who.int
0AgogXXPMARyldHB2MkhmVDcyMG1Oa3Y5eEhRQ0VlUWc,"Traffic mortality children 0-14 (per 100,000 people)",For advanced users,"Injury deaths by gender, age, road user",WHO,www.who.int
0AgogXXPMARyldEVPSG5qYzBfS0llQ1RnTl9wWXZodkE,"Traffic mortality 15-29 (per 100,000 people)",For advanced users,"Injury deaths by gender, age, road user",WHO,www.who.int
0AgogXXPMARyldGRqbENsQm5VMWFLdnRXV0w1S0tVSEE,"Traffic mortality 30-44 (per 100,000 people)",For advanced users,"Injury deaths by gender, age, road user",WHO,www.who.int
0AgogXXPMARyldFJrcW9wdlJITlBDYU9IbnRKdVllVGc,"Traffic mortality 45-59 (per 100,000 people)",For advanced users,"Injury deaths by gender, age, road user",WHO,www.who.int
0AgogXXPMARyldEw5RXhuckZuU1V2aVAzNDFZaDUxa2c,"Traffic mortality 60+ (per 100,000 people)",For advanced users,"Injury deaths by gender, age, road user",WHO,www.who.int
0ArfEDsV3bBwCdHFkZlc5WkhVQmVmeU0tR0RsSUdTU0E,IFPRI Underweight children,For advanced users,,World Bank,http://data.worldbank.org
0ArfEDsV3bBwCdE5UaXVKa2hWbUFzcUJJbVdHOE1VcFE,Maternal mortality ratio WHO,For advanced users,Alternative health data,WHO,http://apps.who.int/gho/data/node.main.214?lang=en
0AgogXXPMARyldElMWEl4RFVTemlMbzJqRU50ZDJ3SHc,Battle deaths (per 100 000),Society,War & peace,WHO,http://spreadsheets.google.com/pub?key=0AgogXXPMARyldElMWEl4RFVTemlMbzJqRU50ZDJ3SHc&gid=1
0Asm_G8nr4TCSdG1nNjk5RzItcUp6N2dSdHUwOENXa0E,"Armed forces personnel, total",Society,War & peace,WDI,http://spreadsheets.google.com/pub?key=0Asm_G8nr4TCSdG1nNjk5RzItcUp6N2dSdHUwOENXa0E&gid=1
0Asm_G8nr4TCSdFFoVWRjcUdKZDFydGdGNXkzS2ZRbHc,Armed forces personnel (% of labor force),Society,War & peace,WDI,http://spreadsheets.google.com/pub?key=0Asm_G8nr4TCSdFFoVWRjcUdKZDFydGdGNXkzS2ZRbHc&gid=1
tIgjxaAg3M6kuHRcQTjEgsQ,Murder (total deaths),Society,,WHO Global Burden of Disease,http://www.who.int/healthinfo/global_burden_disease/2004_report_update/en/index.html
tOS388dWYzO1_FANUaiwKuA,Suicide (total deaths),Health,Mental health,WHO Global Burden of Disease,http://www.who.int/healthinfo/global_burden_disease/2004_report_update/en/index.html
tW9t1f9EQpvS4U04kWnk-og,Traffic (total deaths),Infrastructure,Traffic,WHO with additions,http://spreadsheets.google.com/pub?key=0AgogXXPMARyldFc5dDFmOUVRcHZTNFUwNGtXbmstb2c&gid=1
pyj6tScZqmEd-30XcArAJHA,Debt servicing costs (% of exports and net income from abroad),For advanced users,Advanced debt & trade,World Bank,http://data.worldbank.org/indicator/DT.TDS.DECT.EX.ZS
pyj6tScZqmEdQY2PxSsxxJQ,"External debt, total (US$, not inflation-adjusted)",For advanced users,Advanced debt & trade,World Bank,http://data.worldbank.org/indicator/DT.DOD.DECT.CD
pyj6tScZqmEeUceHo3wTOaQ,Present value of debt (% of GNI),For advanced users,Advanced debt & trade,World Bank,http://data.worldbank.org/indicator/DT.DOD.PVLX.GN.ZS
pyj6tScZqmEddLKU1fnfSSA,"Exports unit value (index, 2000=100)",For advanced users,Advanced debt & trade,World Bank,http://data.worldbank.org/indicator/TX.VAL.MRCH.XD.WD
pyj6tScZqmEcL6zpB3Sj1Wg,"Imports unit value (index, 2000=100)",For advanced users,Advanced debt & trade,World Bank,http://data.worldbank.org/indicator/TM.VAL.MRCH.XD.WD
pyj6tScZqmEe5SueBIj6eSw,Net barter terms of trade (2000 = 100),For advanced users,Advanced debt & trade,World Bank,http://data.worldbank.org/indicator/TT.PRI.MRCH.XD.WD
0ArtujvvFrPjVdDRQTUhzNmVySlp6djRtLWh4eS1sNHc,Dead kids per woman,For advanced users,families,Gapminder,https://docs.google.com/a/gapminder.org/spreadsheet/pub?key=0ArtujvvFrPjVdDRQTUhzNmVySlp6djRtLWh4eS1sNHc&gid=1
0ArtujvvFrPjVdGdFWmhqOEVXcUZha1hJWXAtWHlDSFE,Surviving kids per woman,For advanced users,families,Gapminder,https://spreadsheets.google.com/a/gapminder.org/spreadsheet/pub?key=0ArtujvvFrPjVdGdFWmhqOEVXcUZha1hJWXAtWHlDSFE&gid=1
0ArfEDsV3bBwCdDhjcXdjbURLMFFVcVFPYThhYmtvZXc,Extreme poverty (% people below $1.25 a day) version 20120905,For advanced users,Alternative poverty measures,The World Bank,http://go.worldbank.org/B53SONGPA0
0ArtujvvFrPjVdERlTHZFQ2ZaUkpySHpQMF82UmdlcUE,"Alternative GDP per capita PPP, WB",For advanced users,Alternative GDP data,Word Bank,http://data.worldbank.org/indicator/NY.GDP.PCAP.PP.KD
0ArtujvvFrPjVdEhhbV90QlJ3RFM0TW83dHd6RXBiX3c,"Alternative GDP per capita PPP, PWT 7.1",For advanced users,Alternative GDP data,PWT 7.1,http://pwt.econ.upenn.edu/php_site/pwt71/pwt71_form.php
0ArfEDsV3bBwCdGhSY2trbEVpYnNsMENqendaVm5ucnc,Number of child deaths,Health,,Various sources,http://spreadsheets.google.com/pub?key=0ArfEDsV3bBwCcGhBd2NOQVZ1eWowNVpSNjl1c3lRSWc&gid=1
0ArfEDsV3bBwCdFFjMFlMeS02N1NGNjJabl8wamVtdHc,Energy supply per person TOE,For advanced users,Alternative energy,Based on IEA,http://data.iea.org/IEASTORE/DEFAULT.ASP
0ArfEDsV3bBwCdFdaNHA3R1BzcG9GSlkwMXdnMHpScVE,Energy from solid biofuels (%),For advanced users,Alternative energy,Based on IEA data,http://data.iea.org/IEASTORE/DEFAULT.ASP
0ArfEDsV3bBwCdEV1RkJqTEItQnJYVXJlZzVuc3Y3Mmcnn,Residential energy use (%),For advanced users,Alternative energy,Not Found.,Not Found.
0ArfEDsV3bBwCdG9jSHA0WklHU0dqUnBCVUpVOXFzQUE,"Life expectancy at birth, temporary update",For advanced users,Alternative demography indicators,Various sources,http://spreadsheets.google.com/pub?key=phAwcNAVuyj2tPLxKvvnNPA&gid=1
0ArfEDsV3bBwCdFJCTm43NGc0SzdYeHBpZWZGb1V0ckE,"Children per woman, temporary update",For advanced users,Alternative demography indicators,Various sources,http://www.gapminder.org/data/documentation/gd008/
